id,chapter,type,value,role,attribution,method,known_since,known_since_commit,first_seen_on_chain,scid,explorer_link
T-A1,theft,address,bc1qa94j36yqtsrsg4s3sefqwgnjd82vx5xle4pl7y,"Received stolen funds on 2026-09-19 (7 withdrawals, 302,055,465 sats)",proven,Withdrawal destination entered by the attacker in hijacked accounts (Blink ledger and payout records),2026-09-21T23:53:30Z,368a1dbe8d4416d17d9be162fc9a9d9e3e6231ec,2026-09-19T11:16:33Z,,https://mempool.space/address/bc1qa94j36yqtsrsg4s3sefqwgnjd82vx5xle4pl7y
T-A2,theft,address,bc1qfsw7xz6cmv00f73reckx7as2u6f5uavyhvd5n7,"Received stolen funds on 2026-09-19 (51,133,252 sats)",proven,Withdrawal destination entered by the attacker in a hijacked account (Blink ledger and payout records),2026-09-21T23:53:30Z,368a1dbe8d4416d17d9be162fc9a9d9e3e6231ec,2026-09-19T11:58:15Z,,https://mempool.space/address/bc1qfsw7xz6cmv00f73reckx7as2u6f5uavyhvd5n7
T-A3,theft,address,bc1qn5trkke5vrwzcvv9mrgpc3frthtf9sw0xeregn,"Received stolen funds on 2026-09-19 (27,368,371 sats)",proven,Withdrawal destination entered by the attacker in a hijacked account (Blink ledger and payout records),2026-09-21T23:53:30Z,368a1dbe8d4416d17d9be162fc9a9d9e3e6231ec,2026-09-19T11:58:15Z,,https://mempool.space/address/bc1qn5trkke5vrwzcvv9mrgpc3frthtf9sw0xeregn
T-A4,theft,address,bc1qk5gvj6aktflrkht7fgqsacwm7rpkujwshr5m3k,"Received stolen funds on 2026-09-19 (22,842,041 sats)",proven,Withdrawal destination entered by the attacker in a hijacked account (Blink ledger and payout records),2026-09-21T23:53:30Z,368a1dbe8d4416d17d9be162fc9a9d9e3e6231ec,2026-09-19T12:01:05Z,,https://mempool.space/address/bc1qk5gvj6aktflrkht7fgqsacwm7rpkujwshr5m3k
T-A5,theft,address,bc1qd7plvqsu8vjl0gptj290yza9y4mrghg0gjf5m3,"Received stolen funds on 2026-09-19 (16,075,834 sats)",proven,Withdrawal destination entered by the attacker in a hijacked account (Blink ledger and payout records),2026-09-21T23:53:30Z,368a1dbe8d4416d17d9be162fc9a9d9e3e6231ec,2026-09-19T11:58:15Z,,https://mempool.space/address/bc1qd7plvqsu8vjl0gptj290yza9y4mrghg0gjf5m3
T-A6,theft,address,bc1qh7dg3pevyx9sskwj03qydnnsm65r226szevg4e,"Received stolen funds on 2026-09-19 (14,932,316 sats)",proven,Withdrawal destination entered by the attacker in a hijacked account (Blink ledger and payout records),2026-09-21T23:53:30Z,368a1dbe8d4416d17d9be162fc9a9d9e3e6231ec,2026-09-19T11:30:28Z,,https://mempool.space/address/bc1qh7dg3pevyx9sskwj03qydnnsm65r226szevg4e
T-A7,theft,address,bc1q3zdycxp55qlym4gfgl7nj8xdue4sdma7k5wnjl,"Received stolen funds on 2026-09-19 (14,406,638 sats)",proven,Withdrawal destination entered by the attacker in a hijacked account (Blink ledger and payout records),2026-09-21T23:53:30Z,368a1dbe8d4416d17d9be162fc9a9d9e3e6231ec,2026-09-19T11:58:15Z,,https://mempool.space/address/bc1q3zdycxp55qlym4gfgl7nj8xdue4sdma7k5wnjl
T-A8,theft,address,bc1qjry38zhedvsl5m45n3hx5cmk8w4c8e4ye36dar,"Received stolen funds on 2026-09-19 (13,871,841 sats)",proven,Withdrawal destination entered by the attacker in a hijacked account (Blink ledger and payout records),2026-09-21T23:53:30Z,368a1dbe8d4416d17d9be162fc9a9d9e3e6231ec,2026-09-19T11:58:15Z,,https://mempool.space/address/bc1qjry38zhedvsl5m45n3hx5cmk8w4c8e4ye36dar
T-X01,theft,tx,056be61816dff78c7c757901195d365ab022967cd2c7787161dbded32f8bd9e7,Blink payout of stolen funds,proven,Blink payout records,2026-09-21T23:53:30Z,368a1dbe8d4416d17d9be162fc9a9d9e3e6231ec,2026-09-19T11:16:33Z,,https://mempool.space/tx/056be61816dff78c7c757901195d365ab022967cd2c7787161dbded32f8bd9e7
T-X02,theft,tx,e7a19f9e8f2bdeb8e6602e89477a1e5bac6f1852215d54e1064cf51bbb651899,Blink payout of stolen funds,proven,Blink payout records,2026-09-21T23:53:30Z,368a1dbe8d4416d17d9be162fc9a9d9e3e6231ec,2026-09-19T11:22:16Z,,https://mempool.space/tx/e7a19f9e8f2bdeb8e6602e89477a1e5bac6f1852215d54e1064cf51bbb651899
T-X03,theft,tx,55d58815943db35a240dc77a0ca3e3872ab131cd1572474d1d81ac400ecfc018,Blink payout of stolen funds,proven,Blink payout records,2026-09-21T23:53:30Z,368a1dbe8d4416d17d9be162fc9a9d9e3e6231ec,2026-09-19T11:22:16Z,,https://mempool.space/tx/55d58815943db35a240dc77a0ca3e3872ab131cd1572474d1d81ac400ecfc018
T-X04,theft,tx,63fcb02a6e2747d7e5cd79f5e093a211895bc521455b6cc108a6cc4ed7b7d568,Blink payout of stolen funds,proven,Blink payout records,2026-09-21T23:53:30Z,368a1dbe8d4416d17d9be162fc9a9d9e3e6231ec,2026-09-19T11:22:16Z,,https://mempool.space/tx/63fcb02a6e2747d7e5cd79f5e093a211895bc521455b6cc108a6cc4ed7b7d568
T-X05,theft,tx,a33989e01eedf88037c19bb954b6febe5e62a8598c2b0e377259b4d06bfb667d,Blink payout of stolen funds,proven,Blink payout records,2026-09-21T23:53:30Z,368a1dbe8d4416d17d9be162fc9a9d9e3e6231ec,2026-09-19T11:30:28Z,,https://mempool.space/tx/a33989e01eedf88037c19bb954b6febe5e62a8598c2b0e377259b4d06bfb667d
T-X06,theft,tx,81bca190c47837c5cb2c8f8f25b962969db8a1914d3042f5950fd05d4251db26,Blink payout of stolen funds,proven,Blink payout records,2026-09-21T23:53:30Z,368a1dbe8d4416d17d9be162fc9a9d9e3e6231ec,2026-09-19T11:30:28Z,,https://mempool.space/tx/81bca190c47837c5cb2c8f8f25b962969db8a1914d3042f5950fd05d4251db26
T-X07,theft,tx,775f62c975f637c96642430b8726d5c8181ed26b3ae7b91420ab2f583e3fad04,Blink payout of stolen funds (two withdrawals batched),proven,Blink payout records,2026-09-21T23:53:30Z,368a1dbe8d4416d17d9be162fc9a9d9e3e6231ec,2026-09-19T11:58:15Z,,https://mempool.space/tx/775f62c975f637c96642430b8726d5c8181ed26b3ae7b91420ab2f583e3fad04
T-X08,theft,tx,bfca5759c47781f89d92c934ce0acb1a2d96acf97491c75397e51fd84716b326,Blink payout of stolen funds,proven,Blink payout records,2026-09-21T23:53:30Z,368a1dbe8d4416d17d9be162fc9a9d9e3e6231ec,2026-09-19T11:58:15Z,,https://mempool.space/tx/bfca5759c47781f89d92c934ce0acb1a2d96acf97491c75397e51fd84716b326
T-X09,theft,tx,6be07d3eca183652e9c2603d5c62986ab8dcdb183677d9a0a2ae7d794a42a627,Blink payout of stolen funds (two withdrawals batched),proven,Blink payout records,2026-09-21T23:53:30Z,368a1dbe8d4416d17d9be162fc9a9d9e3e6231ec,2026-09-19T11:58:15Z,,https://mempool.space/tx/6be07d3eca183652e9c2603d5c62986ab8dcdb183677d9a0a2ae7d794a42a627
T-X10,theft,tx,4d6aa7f45daab81a1f0212c7322dd768a9730d6e37850f286c535852b82c1e20,Blink payout of stolen funds,proven,Blink payout records,2026-09-21T23:53:30Z,368a1dbe8d4416d17d9be162fc9a9d9e3e6231ec,2026-09-19T11:58:15Z,,https://mempool.space/tx/4d6aa7f45daab81a1f0212c7322dd768a9730d6e37850f286c535852b82c1e20
T-X11,theft,tx,52261d27c6aba07995b65b4270d73c3351f2103065935116b3ce2e18461870f7,Blink payout of stolen funds,proven,Blink payout records,2026-09-21T23:53:30Z,368a1dbe8d4416d17d9be162fc9a9d9e3e6231ec,2026-09-19T11:58:15Z,,https://mempool.space/tx/52261d27c6aba07995b65b4270d73c3351f2103065935116b3ce2e18461870f7
T-X12,theft,tx,de94c0fc3570c17ef0966487505c78446ddc7d840ff84317e9bdf4800b3f21d2,Blink payout of stolen funds,proven,Blink payout records,2026-09-21T23:53:30Z,368a1dbe8d4416d17d9be162fc9a9d9e3e6231ec,2026-09-19T12:01:05Z,,https://mempool.space/tx/de94c0fc3570c17ef0966487505c78446ddc7d840ff84317e9bdf4800b3f21d2
C-X1,trail,tx,64e80962268e9b1520ad32789ea7f00bce45faa44a908413ca28c23a61948935,Consolidation: the seven withdrawals at T-A1 combined with one coin of his from another address,proven,Spends stolen coins (only the attacker holds their keys),2026-09-21T23:53:30Z,368a1dbe8d4416d17d9be162fc9a9d9e3e6231ec,2026-09-20T20:23:21Z,,https://mempool.space/tx/64e80962268e9b1520ad32789ea7f00bce45faa44a908413ca28c23a61948935
C-X2,trail,tx,c71664e594853dae1da4bac86748af0ed8aa56bf72af00d2c9773e55c2f99590,Consolidation: stolen coins at T-A2 and T-A4 combined with coins of his from two other addresses,proven,Spends stolen coins (only the attacker holds their keys),2026-09-21T23:53:30Z,368a1dbe8d4416d17d9be162fc9a9d9e3e6231ec,2026-09-20T20:23:21Z,,https://mempool.space/tx/c71664e594853dae1da4bac86748af0ed8aa56bf72af00d2c9773e55c2f99590
C-X3,trail,tx,8d856ee91c3bed6986ad5a9cfadec49fef4364b3a6671827130d9720f7ea2c33,"Split of the consolidated 302,044,351 sats, same block",traced,"Spends C-A4, an output of C-X1",2026-09-21T23:53:30Z,368a1dbe8d4416d17d9be162fc9a9d9e3e6231ec,2026-09-20T20:23:21Z,,https://mempool.space/tx/8d856ee91c3bed6986ad5a9cfadec49fef4364b3a6671827130d9720f7ea2c33
C-A1,trail,address,bc1qgvel2xdz5ukcfwu0wkr3gpsr2yafp3lzldmgc0,His address — its coin was spent together with stolen coins,proven,Co-spend: input of C-X1 together with stolen coins,2026-09-21T23:53:30Z,368a1dbe8d4416d17d9be162fc9a9d9e3e6231ec,2026-09-19T10:14:13Z,,https://mempool.space/address/bc1qgvel2xdz5ukcfwu0wkr3gpsr2yafp3lzldmgc0
C-A2,trail,address,bc1qhn3qsg0ndt9pmprc73yaunrjhnpjusfwlw8zl4,His address — its coin was spent together with stolen coins,proven,Co-spend: input of C-X2 together with stolen coins,2026-09-21T23:53:30Z,368a1dbe8d4416d17d9be162fc9a9d9e3e6231ec,2026-09-19T12:43:39Z,,https://mempool.space/address/bc1qhn3qsg0ndt9pmprc73yaunrjhnpjusfwlw8zl4
C-A3,trail,address,bc1q8u3dq3ffh7mtgptxdfletxxwtymmhdru2hnwn0,His address — its coin was spent together with stolen coins,proven,Co-spend: input of C-X2 together with stolen coins,2026-09-21T23:53:30Z,368a1dbe8d4416d17d9be162fc9a9d9e3e6231ec,2026-09-19T13:05:14Z,,https://mempool.space/address/bc1q8u3dq3ffh7mtgptxdfletxxwtymmhdru2hnwn0
C-A4,trail,address,bc1qtknxtfgvd008hqu8vq2qg7k75paw0waeptepu8,"His address — received the consolidated 302,044,351 sats",traced,"Output of C-X1, spent by him in the same block (C-X3)",2026-09-21T23:53:30Z,368a1dbe8d4416d17d9be162fc9a9d9e3e6231ec,2026-09-20T20:23:21Z,,https://mempool.space/address/bc1qtknxtfgvd008hqu8vq2qg7k75paw0waeptepu8
C-A5,trail,address,bc1ql56cucan3q0seexmv8gy6sedqgh42drv9clmce,"His address — held 250,010,000 sats from the consolidation",traced,"Output of C-X1/C-X2; spent by him on 2026-09-21 (S-X1), whose change he later spent together with his pre-attack coins (P-X4)",2026-09-21T23:53:30Z,368a1dbe8d4416d17d9be162fc9a9d9e3e6231ec,2026-09-20T20:23:21Z,,https://mempool.space/address/bc1ql56cucan3q0seexmv8gy6sedqgh42drv9clmce
C-A6,trail,address,bc1qwtyup8j3nuxtrx6jlkc4kmhd6g6acvc4d0md4v,"His address — held 250,000,000 sats from the split",traced,Output of C-X3; spent by him on 2026-09-28 (S-X2),2026-09-21T23:53:30Z,368a1dbe8d4416d17d9be162fc9a9d9e3e6231ec,2026-09-20T20:23:21Z,,https://mempool.space/address/bc1qwtyup8j3nuxtrx6jlkc4kmhd6g6acvc4d0md4v
C-A7,trail,address,bc1qqudjcd0jrskkzks7x0548ls35xfh0yec7nucqf,"His address — held 52,043,819 sats from the split (spent 2026-10-05)",traced,Output of C-X3 (single-input split of his consolidated coins); later spent by his wallet,2026-09-21T23:53:30Z,368a1dbe8d4416d17d9be162fc9a9d9e3e6231ec,2026-09-20T20:23:21Z,,https://mempool.space/address/bc1qqudjcd0jrskkzks7x0548ls35xfh0yec7nucqf
C-A8,trail,address,bc1qg0g59wh037pudgf3uz0vh354l7rl2h5gfyntac,"His address — held 17,841,110 sats from the consolidation (spent 2026-10-01)",traced,Output of C-X1; later spent by his wallet,2026-09-21T23:53:30Z,368a1dbe8d4416d17d9be162fc9a9d9e3e6231ec,2026-09-20T20:23:21Z,,https://mempool.space/address/bc1qg0g59wh037pudgf3uz0vh354l7rl2h5gfyntac
C-A9,trail,address,bc1qc08gdmnfmnyng8fstpned7sj5v89ejsqzec4c4,"His address — held 21,398,116 sats from the consolidation (spent 2026-10-02)",traced,Output of C-X2; later spent by his wallet,2026-09-21T23:53:30Z,368a1dbe8d4416d17d9be162fc9a9d9e3e6231ec,2026-09-20T20:23:21Z,,https://mempool.space/address/bc1qc08gdmnfmnyng8fstpned7sj5v89ejsqzec4c4
P-X1,trail,tx,efaf59540162b624bbf287f8e5e3b85eab4cb71daf4528dc57e125e62cd6a7e1,"2026-09-10, nine days before the attack: 690,000,000 sats he already controlled, assembled in one coin",traced,Its output's descendants were spent together with stolen coins (P-X4),2026-09-28T16:27:27Z,a8d0e5d339ec563cb190be531a673a1c1a1ffc36,2026-09-10T08:23:02Z,,https://mempool.space/tx/efaf59540162b624bbf287f8e5e3b85eab4cb71daf4528dc57e125e62cd6a7e1
P-X2,trail,tx,6247fafea0fa4b35a0d18e11f7c81746a77c1e5ad41e8797c7fca016eaea9f9f,"2026-09-20: 1,000,000-sat slice split off the pre-attack coin",traced,Single-input spend of P-A1,2026-09-28T16:27:27Z,a8d0e5d339ec563cb190be531a673a1c1a1ffc36,2026-09-20T00:38:52Z,,https://mempool.space/tx/6247fafea0fa4b35a0d18e11f7c81746a77c1e5ad41e8797c7fca016eaea9f9f
P-X3,trail,tx,bc6be8961628e2916a55b285324e3456c082710cbae17ecee9696d9b456c0e50,"2026-09-21: 100,000,000 sats split off the pre-attack coin",traced,Single-input spend of P-A2,2026-09-28T16:27:27Z,a8d0e5d339ec563cb190be531a673a1c1a1ffc36,2026-09-21T09:33:30Z,,https://mempool.space/tx/bc6be8961628e2916a55b285324e3456c082710cbae17ecee9696d9b456c0e50
P-X4,trail,tx,c1bd3eff3c5b1c3dd472d9bf92f0fc3912c3fb4447d6b1b8e7a8a16a45a4ef79,"2026-09-28: stolen coins (150,009,622 sats) spent together with coins he controlled before the attack (588,999,666 sats) — one owner",traced,Co-spend of stolen coins and coins he controlled before the attack,2026-09-28T16:27:27Z,a8d0e5d339ec563cb190be531a673a1c1a1ffc36,2026-09-28T15:01:30Z,,https://mempool.space/tx/c1bd3eff3c5b1c3dd472d9bf92f0fc3912c3fb4447d6b1b8e7a8a16a45a4ef79
P-A1,trail,address,bc1qk0844gj32n8xz8g52zxdlk5cdsmetuml6syrum,"His address — held 690,000,000 sats he controlled from 2026-09-10",traced,Single-input chain P-X2 → P-X3 → co-spent with stolen coins in P-X4,2026-09-28T16:27:27Z,a8d0e5d339ec563cb190be531a673a1c1a1ffc36,2026-09-10T08:23:02Z,,https://mempool.space/address/bc1qk0844gj32n8xz8g52zxdlk5cdsmetuml6syrum
P-A2,trail,address,bc1q67ydp63e3ye6yzpk0xemsdmmj8gwcmylvpw2cm,"His address — coins he controlled before the attack (688,999,918 sats)",traced,Single-input chain P-X3 → co-spent with stolen coins in P-X4,2026-09-28T16:27:27Z,a8d0e5d339ec563cb190be531a673a1c1a1ffc36,2026-09-20T00:38:52Z,,https://mempool.space/address/bc1q67ydp63e3ye6yzpk0xemsdmmj8gwcmylvpw2cm
P-A3,trail,address,bc1qjwa7kk3usmtxvlt065vq7k5rjjfm9x9esla88q,"His address — coins he controlled before the attack (588,999,666 sats)",traced,Co-spend: input of P-X4 together with stolen coins,2026-09-28T16:27:27Z,a8d0e5d339ec563cb190be531a673a1c1a1ffc36,2026-09-21T09:33:30Z,,https://mempool.space/address/bc1qjwa7kk3usmtxvlt065vq7k5rjjfm9x9esla88q
S-X1,trail,tx,d7e3c36b9b41d3d9066c5faae7b3892a1d34e2749b3d0eaee0e5ed36472ea06d,"2026-09-21: 100,000,000 sats paid into a swap service; 150,009,622 sats kept",traced,Spends C-A5,2026-09-21T23:53:30Z,368a1dbe8d4416d17d9be162fc9a9d9e3e6231ec,2026-09-21T09:33:30Z,,https://mempool.space/tx/d7e3c36b9b41d3d9066c5faae7b3892a1d34e2749b3d0eaee0e5ed36472ea06d
S-X2,trail,tx,66e04607733868259f295e4461129a9c6934b461591a729b3833cd8b5fa160d5,"2026-09-28: 50,000,000 sats paid into a swap service",traced,Spends C-A6,2026-09-28T16:27:27Z,a8d0e5d339ec563cb190be531a673a1c1a1ffc36,2026-09-28T12:26:45Z,,https://mempool.space/tx/66e04607733868259f295e4461129a9c6934b461591a729b3833cd8b5fa160d5
S-X3,trail,tx,22a5c3f9a05f74aaad8782c77ce7f155d694c95f0ac7fb724e781403f84868d0,"2026-09-28: 50,000,000 sats paid into a swap service",traced,Spends S-A2 (change of S-X2),2026-09-28T16:27:27Z,a8d0e5d339ec563cb190be531a673a1c1a1ffc36,2026-09-28T12:42:37Z,,https://mempool.space/tx/22a5c3f9a05f74aaad8782c77ce7f155d694c95f0ac7fb724e781403f84868d0
S-X4,trail,tx,dbc448d59e84c9d1987728289fdecfa47ade0ee745ad36256d3effa4395038c0,"2026-09-28: 75,000,000 sats paid into a swap service",traced,Spends S-A3 (change of S-X3),2026-09-28T16:27:27Z,a8d0e5d339ec563cb190be531a673a1c1a1ffc36,2026-09-28T13:28:54Z,,https://mempool.space/tx/dbc448d59e84c9d1987728289fdecfa47ade0ee745ad36256d3effa4395038c0
S-X5,trail,tx,13ff0d2f46050d0ee2a7b0622b953c945853a7c4c362d87d81baa6acf09a0aa6,"2026-09-28: 74,998,170 sats paid into a swap service",traced,Spends S-A4 (output of S-X4),2026-09-28T17:18:32Z,1f66307270ab176f5c08538c34691a513c47e8b7,2026-09-28T14:18:20Z,,https://mempool.space/tx/13ff0d2f46050d0ee2a7b0622b953c945853a7c4c362d87d81baa6acf09a0aa6
S-X6,trail,tx,077c6f494e7e126dcf0345310c9b328a7ce7607261c2359dd5d8de2c7597b0a6,"2026-09-28: 50,000,000 sats paid into a swap service",traced,Spends S-A6 (output of P-X4),2026-09-28T16:27:27Z,a8d0e5d339ec563cb190be531a673a1c1a1ffc36,2026-09-28T15:47:53Z,,https://mempool.space/tx/077c6f494e7e126dcf0345310c9b328a7ce7607261c2359dd5d8de2c7597b0a6
S-X7,trail,tx,8c2697f11c49ff7db92acf4534b4b02118530332a8fc272fb9c5b1538ac9d112,"2026-09-28: 30,000,000 sats paid into a swap service; two further payments to recipients not established",traced,Spends S-A7 and S-A8 together,2026-09-28T19:38:38Z,aecd2ce360f707fbd73b3f721abcc15c0aee638e,2026-09-28T19:27:13Z,,https://mempool.space/tx/8c2697f11c49ff7db92acf4534b4b02118530332a8fc272fb9c5b1538ac9d112
S-X8,trail,tx,02e56fd46a602f3faefd9768b25f6f7869ed48a715a8256c9428a0474ebc928f,"2026-09-28: 25,000,000 sats paid into a swap service; 483,999,248 sats most likely kept (unspent)",traced,Spends S-A9 and S-A5 together,2026-09-29T01:21:10Z,84778a2ebca120dd76079f80e564d65c6cd6685e,2026-09-28T22:27:58Z,,https://mempool.space/tx/02e56fd46a602f3faefd9768b25f6f7869ed48a715a8256c9428a0474ebc928f
S-A1,trail,address,bc1q33l5k945mqu35a48kdjcnrd4wh96ysaa4fpzxt,"His address — 150,009,622 sats of stolen coins kept on 2026-09-21",traced,Change of S-X1; co-spent with his pre-attack coin in P-X4,2026-09-21T23:53:30Z,368a1dbe8d4416d17d9be162fc9a9d9e3e6231ec,2026-09-21T09:33:30Z,,https://mempool.space/address/bc1q33l5k945mqu35a48kdjcnrd4wh96ysaa4fpzxt
S-A2,trail,address,bc1q5hmwytmlajh00qnnm5lfrjq8kq978g9s44e3da,His address — change of S-X2,traced,Change of S-X2; spent by him (S-X3),2026-09-28T16:27:27Z,a8d0e5d339ec563cb190be531a673a1c1a1ffc36,2026-09-28T12:26:45Z,,https://mempool.space/address/bc1q5hmwytmlajh00qnnm5lfrjq8kq978g9s44e3da
S-A3,trail,address,bc1qvgxty3azkekrh3euvu3sjgf7ma6cpswxff8fxu,His address — change of S-X3,traced,Change of S-X3; spent by him (S-X4),2026-09-28T16:27:27Z,a8d0e5d339ec563cb190be531a673a1c1a1ffc36,2026-09-28T12:42:37Z,,https://mempool.space/address/bc1qvgxty3azkekrh3euvu3sjgf7ma6cpswxff8fxu
S-A4,trail,address,bc1qyae5ylnaejh2pfx2luj3fslef3jgjql02fefwu,His address — output of S-X4,traced,Output of S-X4 whose other output is a verified swap-service deposit; spent by him in S-X5,2026-09-28T16:27:27Z,a8d0e5d339ec563cb190be531a673a1c1a1ffc36,2026-09-28T13:28:54Z,,https://mempool.space/address/bc1qyae5ylnaejh2pfx2luj3fslef3jgjql02fefwu
S-A5,trail,address,bc1q3pe5sg8l5p8nfd4dc6fspj4jqmpkjjlt3xd2dl,"His address — 50,000,000 sats from P-X4",traced,Co-spend: input of S-X8 together with S-A9,2026-09-28T16:27:27Z,a8d0e5d339ec563cb190be531a673a1c1a1ffc36,2026-09-28T15:01:30Z,,https://mempool.space/address/bc1q3pe5sg8l5p8nfd4dc6fspj4jqmpkjjlt3xd2dl
S-A6,trail,address,bc1q0lkg0zjx0935hk9a3hc8dqfzus7wpl8d384ne3,"His address — 100,009,476 sats from P-X4",traced,Output of P-X4; spent by him (S-X6),2026-09-28T16:27:27Z,a8d0e5d339ec563cb190be531a673a1c1a1ffc36,2026-09-28T15:01:30Z,,https://mempool.space/address/bc1q0lkg0zjx0935hk9a3hc8dqfzus7wpl8d384ne3
S-A7,trail,address,bc1qxufeqfvg37c87py9gldujzevap9elhqq3pgteh,His address — change of S-X6,traced,Co-spend: input of S-X7 together with S-A8,2026-09-28T16:27:27Z,a8d0e5d339ec563cb190be531a673a1c1a1ffc36,2026-09-28T15:47:53Z,,https://mempool.space/address/bc1qxufeqfvg37c87py9gldujzevap9elhqq3pgteh
S-A8,trail,address,bc1qqgwzqz56ye6dggu0y4wp4c3zfmumqepx05eh67,"His address — 538,999,520 sats from P-X4",traced,Co-spend: input of S-X7 together with S-A7,2026-09-28T16:27:27Z,a8d0e5d339ec563cb190be531a673a1c1a1ffc36,2026-09-28T15:01:30Z,,https://mempool.space/address/bc1qqgwzqz56ye6dggu0y4wp4c3zfmumqepx05eh67
S-A9,trail,address,bc1qp3apu9ue58pkswn2rtehedpdpjvwftxtulpdxn,"His address — change of S-X7 (508,999,384 sats)",traced,Co-spend: input of S-X8 together with S-A5,2026-09-28T19:38:38Z,aecd2ce360f707fbd73b3f721abcc15c0aee638e,2026-09-28T19:27:13Z,,https://mempool.space/address/bc1qp3apu9ue58pkswn2rtehedpdpjvwftxtulpdxn
S-A10,trail,address,bc1q32rjeu4d9sjqdafpj2jhvcamywhpc3aucnccly,"Most likely his change from S-X8 — 483,999,248 sats, unspent",probable,"Change by payment pattern: the other outputs of S-X8 are three payment-sized amounts (about 25,000,000 each); this is the large remainder. Not yet spent together with any of his coins",2026-09-29T01:21:10Z,84778a2ebca120dd76079f80e564d65c6cd6685e,2026-09-28T22:27:58Z,,https://mempool.space/address/bc1q32rjeu4d9sjqdafpj2jhvcamywhpc3aucnccly
T-X13,theft,tx,14bb5ce07a8c5c61ae8fd81c1ee4d3ddd9ab15f2b2f7f3ad3f15cc5e78691df7,"19 Sep, 12:20 UTC: Lightning-to-on-chain swap-out paying 67,819,900 sats to his address T-A2 (most likely paid with the stolen Lightning funds)",proven,Pays his address T-A2; the coin was later spent together with stolen coins (C-X2),2026-09-21T23:53:30Z,368a1dbe8d4416d17d9be162fc9a9d9e3e6231ec,2026-09-19T12:20:58Z,,https://mempool.space/tx/14bb5ce07a8c5c61ae8fd81c1ee4d3ddd9ab15f2b2f7f3ad3f15cc5e78691df7
T-X14,theft,tx,cd4524b4c00858a21707f4e308aca8e9d669fa5022d759128f24d845d3ca0f69,"19 Sep, 12:49 UTC: Lightning-to-on-chain swap-out paying 72,069,900 sats to his address C-A3 (most likely paid with the stolen Lightning funds)",proven,Pays his address C-A3; the coin was later spent together with stolen coins (C-X2),2026-09-21T23:53:30Z,368a1dbe8d4416d17d9be162fc9a9d9e3e6231ec,2026-09-19T13:05:14Z,,https://mempool.space/tx/cd4524b4c00858a21707f4e308aca8e9d669fa5022d759128f24d845d3ca0f69
B-A1,trail,address,bc1qr5422phd3tddrllmex9a7dy3jjf7k0sry6ffl9,"The other 690,000,000-sat coin of the 10 Sep split (coins he controlled before the attack)",probable,"Output of the 10 Sep split that also created his coin E-A1; topped up in the same block by E-X1, which also funded his address E-A2",2026-09-28T19:38:38Z,aecd2ce360f707fbd73b3f721abcc15c0aee638e,2026-09-10T08:23:02Z,,https://mempool.space/address/bc1qr5422phd3tddrllmex9a7dy3jjf7k0sry6ffl9
B-X1,trail,tx,408e14a38ca17a7748766bf1f3bbe4efa1bd57aa0fa777ca78ca6d59cf07aac1,"20 Sep: 100,000,000 sats of the other 690,000,000-sat coin paid into the swap service",probable,Spends B-A1,2026-09-28T19:38:38Z,aecd2ce360f707fbd73b3f721abcc15c0aee638e,2026-09-20T12:24:33Z,,https://mempool.space/tx/408e14a38ca17a7748766bf1f3bbe4efa1bd57aa0fa777ca78ca6d59cf07aac1
B-A2,trail,address,bc1q9037z7jeq6zpeh3dhu3u3fv0nksfawsalvk4v8,"Remainder of the second pre-attack coin (590,688,900 sats)",probable,"Change of B-X1, spent by the same wallet (B-X2)",2026-09-28T19:38:38Z,aecd2ce360f707fbd73b3f721abcc15c0aee638e,2026-09-20T12:24:33Z,,https://mempool.space/address/bc1q9037z7jeq6zpeh3dhu3u3fv0nksfawsalvk4v8
B-X2,trail,tx,0cb21238fcdf8252077fce66a778230fa2f41e28ee13673d6f47fe6960109631,"20 Sep: another 100,000,000 sats into the swap service",probable,Spends B-A2,2026-09-28T19:38:38Z,aecd2ce360f707fbd73b3f721abcc15c0aee638e,2026-09-20T13:04:58Z,,https://mempool.space/tx/0cb21238fcdf8252077fce66a778230fa2f41e28ee13673d6f47fe6960109631
B-A3,trail,address,bc1qmmlexpc64saha74jgfddrse5a2z5vzrjudu9yg,"Remainder after B-X2 (490,688,100 sats)",probable,"Change of B-X2, spent by the same wallet (B-X3)",2026-09-28T19:38:38Z,aecd2ce360f707fbd73b3f721abcc15c0aee638e,2026-09-20T13:04:58Z,,https://mempool.space/address/bc1qmmlexpc64saha74jgfddrse5a2z5vzrjudu9yg
B-X3,trail,tx,2f2047bf45f5b45b8f912ff0d6966fd12bb9e6c16d213d36b1e1ec31f37b9127,"20 Sep: 100,000,000 sats of the other pre-attack coin paid into the swap service",probable,Spends B-A3,2026-10-08T13:39:54Z,005ed5e8300ed991c54cd57a41eaaaf7eae90261,2026-09-20T14:05:22Z,,https://mempool.space/tx/2f2047bf45f5b45b8f912ff0d6966fd12bb9e6c16d213d36b1e1ec31f37b9127
B-A4,trail,address,bc1q6zwctfmtrmztjvy7jv9wjx6yzfnlp3lzgfv877,"Remainder of the other pre-attack coin (390,687,300 sats)",probable,"Change of his previous split, spent by the same wallet",2026-10-08T13:39:54Z,005ed5e8300ed991c54cd57a41eaaaf7eae90261,2026-09-20T14:05:22Z,,https://mempool.space/address/bc1q6zwctfmtrmztjvy7jv9wjx6yzfnlp3lzgfv877
B-X4,trail,tx,f2f00e0c3653335e4fc9360410ec9d1f64a733ad9702c4791d529e1e4b75e6b2,"20 Sep: 100,000,000 sats of the other pre-attack coin paid into the swap service",probable,Spends B-A4,2026-09-28T19:54:54Z,5f784998308a5411f5ef0b38f1f32463c49cf6ef,2026-09-20T14:39:09Z,,https://mempool.space/tx/f2f00e0c3653335e4fc9360410ec9d1f64a733ad9702c4791d529e1e4b75e6b2
B-A5,trail,address,bc1qpmkddp2gajz58mamap9tw8fj0678lcmepfl0zn,"Remainder of the other pre-attack coin (290,686,500 sats)",probable,"Change of his previous split, spent by the same wallet",2026-10-08T13:39:54Z,005ed5e8300ed991c54cd57a41eaaaf7eae90261,2026-09-20T14:39:09Z,,https://mempool.space/address/bc1qpmkddp2gajz58mamap9tw8fj0678lcmepfl0zn
B-X5,trail,tx,27387d368a86872bf0820d58764291be0023dc04cb5cd5099d82188863f61338,"20 Sep: 100,000,000 sats of the other pre-attack coin paid into the swap service",probable,Spends B-A5,2026-10-08T13:39:54Z,005ed5e8300ed991c54cd57a41eaaaf7eae90261,2026-09-20T14:42:06Z,,https://mempool.space/tx/27387d368a86872bf0820d58764291be0023dc04cb5cd5099d82188863f61338
B-A6,trail,address,bc1qm20nzpvqpcalsyk9ak9mm2vx8prdsxqlvkwqrr,"Remainder of the other pre-attack coin (190,685,700 sats)",probable,"Change of his previous split, spent by the same wallet",2026-10-08T13:39:54Z,005ed5e8300ed991c54cd57a41eaaaf7eae90261,2026-09-20T14:42:06Z,,https://mempool.space/address/bc1qm20nzpvqpcalsyk9ak9mm2vx8prdsxqlvkwqrr
B-X6,trail,tx,d97133da493a9d80c65589ae63605b3d2dc2ae051c3f160735587d814e0bb3a3,"20 Sep: 100,000,000 sats of the other pre-attack coin paid into the swap service",probable,Spends B-A6,2026-10-08T13:39:54Z,005ed5e8300ed991c54cd57a41eaaaf7eae90261,2026-09-20T15:14:13Z,,https://mempool.space/tx/d97133da493a9d80c65589ae63605b3d2dc2ae051c3f160735587d814e0bb3a3
B-A7,trail,address,bc1qp0jmytrnd6pl8dfev6f429fgtwz3yqlqhjjff4,"Remainder of the other pre-attack coin (90,684,900 sats)",probable,"Change of his previous split, spent by the same wallet",2026-09-28T19:38:38Z,aecd2ce360f707fbd73b3f721abcc15c0aee638e,2026-09-20T15:14:13Z,,https://mempool.space/address/bc1qp0jmytrnd6pl8dfev6f429fgtwz3yqlqhjjff4
B-X7,trail,tx,e593decf33daaa8f58d88938db4daad12812473843ba83c6363d4e97123a565f,"20 Sep: the last 90,684,350 sats of the other pre-attack coin paid into the swap service",probable,Spends B-A7,2026-10-08T13:39:54Z,005ed5e8300ed991c54cd57a41eaaaf7eae90261,2026-09-20T15:42:48Z,,https://mempool.space/tx/e593decf33daaa8f58d88938db4daad12812473843ba83c6363d4e97123a565f
H-A1,trail,address,bc1q4nlpmt9wjw53lxct630vxhgnqaztferhlhrdap,"100,000,000 sats split off his pre-attack coin on 21 Sep, then swapped to Ethereum",probable,Output of his transaction P-X3; its sender chose the swap destination H-E1,2026-09-28T16:27:27Z,a8d0e5d339ec563cb190be531a673a1c1a1ffc36,2026-09-21T09:33:30Z,,https://mempool.space/address/bc1q4nlpmt9wjw53lxct630vxhgnqaztferhlhrdap
H-X1,trail,tx,4b08d96031fd9ca2fafbfa4c3de242ab40bbfc21cd3059ee230c8e6bf474e018,"21 Sep: 99,998,300 sats sent into THORChain (cross-chain swap) for DAI on Ethereum; the destination is written in the transaction's memo",probable,"Spends H-A1; pays THORChain's published inbound vault, with the swap memo in the transaction",2026-09-28T16:27:27Z,a8d0e5d339ec563cb190be531a673a1c1a1ffc36,2026-09-21T10:01:13Z,,https://mempool.space/tx/4b08d96031fd9ca2fafbfa4c3de242ab40bbfc21cd3059ee230c8e6bf474e018
H-E1,trail,evm,0x0BEf6b34AFCee49071a714651DC6D2A80c04e0c6,"Ethereum address that received the swap (about 84,013 DAI on 21 Sep)",probable,Named as the destination in the memo of H-X1,2026-09-28T17:18:32Z,1f66307270ab176f5c08538c34691a513c47e8b7,2026-09-21T10:01:13Z,,https://etherscan.io/address/0x0BEf6b34AFCee49071a714651DC6D2A80c04e0c6
E-X1,ecash,tx,12878a1a4da4daa350fbc95692365ff4865aa2d7dadff9727dcc1787258b560a,10 Sep: funds his address E-A2 and tops up B-A1 in the same block,probable,Pays his address E-A2 and B-A1 in one transaction,2026-09-28T16:27:27Z,a8d0e5d339ec563cb190be531a673a1c1a1ffc36,2026-09-10T08:23:02Z,,https://mempool.space/tx/12878a1a4da4daa350fbc95692365ff4865aa2d7dadff9727dcc1787258b560a
E-A1,ecash,address,bc1qky7dqq7jkqsxtfmxu226pvt2j2ymky778jgn4n,"His 688,245,492-sat coin (10 Sep)",traced,"Spent in the same block together with E-A2 (E-X2), whose outputs he later spent (P-X1)",2026-09-28T16:27:27Z,a8d0e5d339ec563cb190be531a673a1c1a1ffc36,2026-09-10T08:23:02Z,,https://mempool.space/address/bc1qky7dqq7jkqsxtfmxu226pvt2j2ymky778jgn4n
E-A2,ecash,address,bc1qsjlkg9ucmtu5786kgylh3jzpygxq2klz4xuf30,"His address, funded by E-X1",traced,Co-spend with E-A1 in E-X2,2026-09-28T16:27:27Z,a8d0e5d339ec563cb190be531a673a1c1a1ffc36,2026-09-10T08:23:02Z,,https://mempool.space/address/bc1qsjlkg9ucmtu5786kgylh3jzpygxq2klz4xuf30
E-X2,ecash,tx,e1cac5be17e3145383a1f25ae948fe87bfbf085b31914be1770a72a51aa30cdb,"10 Sep, same block: re-split that leads to the 690,000,000-sat coin P-A1",traced,Its outputs are spent by him in P-X1 and E-X3,2026-09-28T16:27:27Z,a8d0e5d339ec563cb190be531a673a1c1a1ffc36,2026-09-10T08:23:02Z,,https://mempool.space/tx/e1cac5be17e3145383a1f25ae948fe87bfbf085b31914be1770a72a51aa30cdb
E-A3,ecash,address,bc1qxe9hjd209q6qr477tqs8dv8hj8txdzdn725ah4,"His address (688,176,066 sats)",traced,"Output of E-X2, spent together with E-A4 in P-X1",2026-09-28T16:27:27Z,a8d0e5d339ec563cb190be531a673a1c1a1ffc36,2026-09-10T08:23:02Z,,https://mempool.space/address/bc1qxe9hjd209q6qr477tqs8dv8hj8txdzdn725ah4
E-A4,ecash,address,bc1q25h4d2fxx8hcj587glt0gk9rpd44k4sd6u95mj,"His address (4,495,128 sats)",traced,"Output of E-X2, spent together with E-A3 in P-X1",2026-09-28T16:27:27Z,a8d0e5d339ec563cb190be531a673a1c1a1ffc36,2026-09-10T08:23:02Z,,https://mempool.space/address/bc1q25h4d2fxx8hcj587glt0gk9rpd44k4sd6u95mj
E-A5,ecash,address,bc1qdqpqyrtmazr7yg6vag7kykyk0cxfqxfxqdydsq,"69,000-sat coin from E-X2",traced,Spent on 18 Sep together with the funding wallet of his Lightning node (E-X3),2026-09-28T16:27:27Z,a8d0e5d339ec563cb190be531a673a1c1a1ffc36,2026-09-10T08:23:02Z,,https://mempool.space/address/bc1qdqpqyrtmazr7yg6vag7kykyk0cxfqxfxqdydsq
E-A6,ecash,address,bc1qar95ljtl376yhmqumfmzhdh243ulhhmccnnvaq,"His address — received peg-outs from federations on 16 Sep (W-X6, W-X7)",traced,Spent on 18 Sep together with E-A5 and the funding wallet of his Lightning node (E-X3),2026-09-21T23:53:30Z,368a1dbe8d4416d17d9be162fc9a9d9e3e6231ec,2026-09-16T07:09:58Z,,https://mempool.space/address/bc1qar95ljtl376yhmqumfmzhdh243ulhhmccnnvaq
E-X3,ecash,tx,485c61e857ccefeec4d5350f8ffc8618a7cf34f8899f34d1febf14ab3b7dacbb,"18 Sep, the day before the attack: a coin from his 10 Sep split is spent together with the wallet that funded his Lightning node — one owner",traced,Co-spend,2026-09-21T23:53:30Z,368a1dbe8d4416d17d9be162fc9a9d9e3e6231ec,2026-09-18T03:07:23Z,,https://mempool.space/tx/485c61e857ccefeec4d5350f8ffc8618a7cf34f8899f34d1febf14ab3b7dacbb
E-X4,ecash,tx,e515b90e9444049a655eb0bd4b83b22ccd3c7ed3727e3d2762cce62be4ccd5cd,13 Sep: the change chain of the 10 Sep split spent together with the change of his Lightning node's first channel open (L-X03),traced,Co-spend,2026-09-21T23:53:30Z,368a1dbe8d4416d17d9be162fc9a9d9e3e6231ec,2026-09-13T22:41:07Z,,https://mempool.space/tx/e515b90e9444049a655eb0bd4b83b22ccd3c7ed3727e3d2762cce62be4ccd5cd
W-A1,ecash,address,bc1qzfhq63mqkkm8efgav0t209e6tmxm9u5c26neul,"Received 1,401,938,713 sats in 435 peg-outs from Fedimint federations on 10–11 Sep — about 14 BTC he held as ecash before the attack",probable,"Swept on 10 Sep by W-X1, whose outputs all end in his wallets (co-spends E-X3 and E-X4). Someone else holding this key and passing everything on cannot be fully excluded",2026-09-28T19:38:38Z,aecd2ce360f707fbd73b3f721abcc15c0aee638e,2026-09-10T06:08:15Z,,https://mempool.space/address/bc1qzfhq63mqkkm8efgav0t209e6tmxm9u5c26neul
W-X1,ecash,tx,1a087f283c66ab421f891f81f8f1da7e96c3cccc8cb13111555ba7081e888b67,"10 Sep, 08:23 UTC: 217 coins of W-A1 swept and split into two coins of about 690,000,000 sats each",probable,Spends W-A1,2026-09-28T16:27:27Z,a8d0e5d339ec563cb190be531a673a1c1a1ffc36,2026-09-10T08:23:02Z,,https://mempool.space/tx/1a087f283c66ab421f891f81f8f1da7e96c3cccc8cb13111555ba7081e888b67
W-X4,ecash,tx,fd7405fe759d29874363a9e86b01e0b6b8be9f224b0893ee5200904fd9a8656a,"11 Sep: 218 more coins of W-A1 combined; 10,000,000 sats paid into a federation (peg-in)",probable,Spends W-A1,2026-10-01T16:00:34Z,7b2d80bfab77c3de05b21277e11fb388ec7c92b0,2026-09-11T06:23:06Z,,https://mempool.space/tx/fd7405fe759d29874363a9e86b01e0b6b8be9f224b0893ee5200904fd9a8656a
W-A7,ecash,address,bc1qcqxmh48n7d0ce276gxheuwulqqg3eeam3fy822,Change of W-X4,probable,Change of W-X4 (same owner as W-A1),2026-10-01T16:00:34Z,7b2d80bfab77c3de05b21277e11fb388ec7c92b0,2026-09-11T06:23:06Z,,https://mempool.space/address/bc1qcqxmh48n7d0ce276gxheuwulqqg3eeam3fy822
W-X5,ecash,tx,e7c1e62f44552253ade3c0b92cb47d40698ec2e1bb6b655df8e983c81487280c,"11 Sep: 5,000,000 sats paid into a federation (peg-in to Liberty Tree Network)",probable,Spends W-A7,2026-10-01T16:00:34Z,7b2d80bfab77c3de05b21277e11fb388ec7c92b0,2026-09-11T06:23:06Z,,https://mempool.space/tx/e7c1e62f44552253ade3c0b92cb47d40698ec2e1bb6b655df8e983c81487280c
W-X6,ecash,tx,c8c44e577726e4fe260057664154207c4309f0f42cde999f00e2a948ea5f7cde,16 Sep: federation peg-out (Liberty Tree Network) paying his address E-A6,third-party,Signed by the federation; the recipient chooses the address,2026-10-01T16:00:34Z,7b2d80bfab77c3de05b21277e11fb388ec7c92b0,2026-09-16T07:09:58Z,,https://mempool.space/tx/c8c44e577726e4fe260057664154207c4309f0f42cde999f00e2a948ea5f7cde
W-X7,ecash,tx,81491ccb4ce2c06e74a21f14a62b4a7185c3aae755cb4991596f51569125d831,16 Sep: federation peg-out paying his address E-A6,third-party,Signed by the federation; the recipient chooses the address,2026-10-01T16:00:34Z,7b2d80bfab77c3de05b21277e11fb388ec7c92b0,2026-09-16T07:11:26Z,,https://mempool.space/tx/81491ccb4ce2c06e74a21f14a62b4a7185c3aae755cb4991596f51569125d831
W-X10,ecash,tx,05873afd6c5287b9fdf0b580e7d2182d1a651a14f1a9e46de8dbc04ec3467e86,"1 Oct: 10,000,000 sats paid into a federation (peg-in)",traced,Spends W-A9,2026-10-01T16:00:34Z,7b2d80bfab77c3de05b21277e11fb388ec7c92b0,2026-10-01T13:54:12Z,,https://mempool.space/tx/05873afd6c5287b9fdf0b580e7d2182d1a651a14f1a9e46de8dbc04ec3467e86
W-X11,ecash,tx,1ba513cbf66a794431483a1fa742f2532a39da297fc17afbc601e0f63d61e564,"1 Oct: 10,000,000 sats paid into a federation (peg-in)",traced,Spends W-A10 (change of W-X10),2026-10-01T16:00:34Z,7b2d80bfab77c3de05b21277e11fb388ec7c92b0,2026-10-01T13:54:12Z,,https://mempool.space/tx/1ba513cbf66a794431483a1fa742f2532a39da297fc17afbc601e0f63d61e564
W-X12,ecash,tx,7cb6a852d9cb9acd6010089cbef245889238f35a480ecd20b1ad5dbd875cbd5d,"1 Oct: 5,000,000 sats paid into a federation (peg-in)",traced,Spends W-A11 (change of W-X11),2026-10-01T14:14:38Z,85313123675980cd208c95b5b0ec4e137caf7438,2026-10-01T14:00:34Z,,https://mempool.space/tx/7cb6a852d9cb9acd6010089cbef245889238f35a480ecd20b1ad5dbd875cbd5d
W-X13,ecash,tx,4275db65a9c6c1f99de95ee69395d094994a6975fa3aafd5ec44fe9e2276f0f3,"1 Oct: 5,000,000 sats of stolen coins paid into a federation (peg-in)",traced,Spends C-A8 (stolen coins from the 20 Sep consolidation),2026-10-01T14:14:38Z,85313123675980cd208c95b5b0ec4e137caf7438,2026-10-01T14:12:54Z,,https://mempool.space/tx/4275db65a9c6c1f99de95ee69395d094994a6975fa3aafd5ec44fe9e2276f0f3
W-X14,ecash,tx,dda0442977102114806abe78c49391280047f7b9d35808c28a694761cd058f38,"1 Oct: 5,000,000 sats paid into a federation (peg-in)",traced,Spends W-A12 (change of W-X12); same change address as W-X13,2026-10-01T14:14:38Z,85313123675980cd208c95b5b0ec4e137caf7438,2026-10-01T14:12:54Z,,https://mempool.space/tx/dda0442977102114806abe78c49391280047f7b9d35808c28a694761cd058f38
W-A9,ecash,address,bc1q3ygpqlyxfxpmwys92xe9wcqdrspa3gwxp4335p,"His address — 40,000,000 sats from his Lightning node's on-chain wallet (L-X10)",traced,Paid by his node's wallet; spent by him (W-X10),2026-10-01T16:00:34Z,7b2d80bfab77c3de05b21277e11fb388ec7c92b0,2026-10-01T05:26:07Z,,https://mempool.space/address/bc1q3ygpqlyxfxpmwys92xe9wcqdrspa3gwxp4335p
W-A10,ecash,address,bc1qmz2wqc6h39dkuzdwl6w6nxwsjl4gcm29yavwhf,Change of W-X10,traced,"Change, spent by him (W-X11)",2026-10-01T16:00:34Z,7b2d80bfab77c3de05b21277e11fb388ec7c92b0,2026-10-01T13:54:12Z,,https://mempool.space/address/bc1qmz2wqc6h39dkuzdwl6w6nxwsjl4gcm29yavwhf
W-A11,ecash,address,bc1q93usg3kvzwky0jtuhk5xptwvtlfndzvp3xdlnm,Change of W-X11,traced,"Change, spent by him (W-X12)",2026-10-01T16:00:34Z,7b2d80bfab77c3de05b21277e11fb388ec7c92b0,2026-10-01T13:54:12Z,,https://mempool.space/address/bc1q93usg3kvzwky0jtuhk5xptwvtlfndzvp3xdlnm
W-A12,ecash,address,bc1q0qvhgg204ms5llpgz856t6ckwvuvt4q3nx3rha,Change of W-X12,traced,"Change, spent by him (W-X14)",2026-10-01T14:14:38Z,85313123675980cd208c95b5b0ec4e137caf7438,2026-10-01T14:00:34Z,,https://mempool.space/address/bc1q0qvhgg204ms5llpgz856t6ckwvuvt4q3nx3rha
W-A13,ecash,address,bc1qt78fzal8gtsncaepatt3zjvcxxhr6qhxp9eef7,Shared change address of W-X13 and W-X14,traced,Change of both; spent by him in L-X12,2026-10-01T14:14:38Z,85313123675980cd208c95b5b0ec4e137caf7438,2026-10-01T14:12:54Z,,https://mempool.space/address/bc1qt78fzal8gtsncaepatt3zjvcxxhr6qhxp9eef7
W-X15,ecash,tx,61e0b864b94934117a62aac52e4ef5ccc6f599f2c460063f22246f11dc5b6ef1,4 Oct: federation peg-out paying his redemption address (he cashed his ecash back out),third-party,Signed by the federation; the recipient chooses the address,2026-10-05T01:00:15Z,25d2a14517af232bbfb3255c5341d062968deb93,2026-10-04T23:51:43Z,,https://mempool.space/tx/61e0b864b94934117a62aac52e4ef5ccc6f599f2c460063f22246f11dc5b6ef1
W-X16,ecash,tx,6513c7f517b5fc11fe1abb0c75ae11053e2b2d8110c01c9991f30dada38997a1,4 Oct: federation peg-out paying his redemption address (he cashed his ecash back out),third-party,Signed by the federation; the recipient chooses the address,2026-10-05T01:00:15Z,25d2a14517af232bbfb3255c5341d062968deb93,2026-10-04T23:51:43Z,,https://mempool.space/tx/6513c7f517b5fc11fe1abb0c75ae11053e2b2d8110c01c9991f30dada38997a1
W-X17,ecash,tx,5d1c9a7620594828389572c9eb8d3c00e446a1d41a5b0a10a0548c5905f6a668,5 Oct: federation peg-out paying his redemption address (he cashed his ecash back out),third-party,Signed by the federation; the recipient chooses the address,2026-10-05T01:00:15Z,25d2a14517af232bbfb3255c5341d062968deb93,2026-10-05T00:18:16Z,,https://mempool.space/tx/5d1c9a7620594828389572c9eb8d3c00e446a1d41a5b0a10a0548c5905f6a668
W-X18,ecash,tx,d1942fb7bde0d52a8d9181b897185f0cc0032301c849b5e56a26ee8faedaaeb3,5 Oct: federation peg-out paying his redemption address (he cashed his ecash back out),third-party,Signed by the federation; the recipient chooses the address,2026-10-05T01:00:15Z,25d2a14517af232bbfb3255c5341d062968deb93,2026-10-05T00:18:16Z,,https://mempool.space/tx/d1942fb7bde0d52a8d9181b897185f0cc0032301c849b5e56a26ee8faedaaeb3
W-X19,ecash,tx,c58b759c0af1eadb8a6796f2f332a8288470f8eba6fed6ff93acaa670e4de318,5 Oct: federation peg-out paying his redemption address (he cashed his ecash back out),third-party,Signed by the federation; the recipient chooses the address,2026-10-05T09:13:43Z,aa92f6988126f5aab5a88486b2bd3b8e38fb6284,2026-10-05T09:04:34Z,,https://mempool.space/tx/c58b759c0af1eadb8a6796f2f332a8288470f8eba6fed6ff93acaa670e4de318
W-P001,ecash,tx,00370c1a86a9913fb8f939374e396258852ab8eb74ec6650640821db70dff6c2,"Peg-out from an unlisted federation paying 28,453,432 sats to W-A1",third-party,Fedimint peg-out (signed by the federation; the recipient chooses the address),2026-09-28T19:38:38Z,aecd2ce360f707fbd73b3f721abcc15c0aee638e,2026-09-10T06:08:15Z,,https://mempool.space/tx/00370c1a86a9913fb8f939374e396258852ab8eb74ec6650640821db70dff6c2
W-P002,ecash,tx,0201eb8cfb0bb7727a0695ee9a75f174fff2ce9831063dba091430af38a93a33,"Peg-out from Freedom One paying 8,574,253 sats to W-A1",third-party,Fedimint peg-out (signed by the federation; the recipient chooses the address),2026-09-28T19:38:38Z,aecd2ce360f707fbd73b3f721abcc15c0aee638e,2026-09-10T06:08:15Z,,https://mempool.space/tx/0201eb8cfb0bb7727a0695ee9a75f174fff2ce9831063dba091430af38a93a33
W-P003,ecash,tx,02cb0d294e9494a8deac068edb1ea86ad05d97600b60ac081f4a4bfd9d66e160,"Peg-out from Liberty Tree Network paying 15,480,495 sats to W-A1",third-party,Fedimint peg-out (signed by the federation; the recipient chooses the address),2026-09-28T19:38:38Z,aecd2ce360f707fbd73b3f721abcc15c0aee638e,2026-09-10T06:08:15Z,,https://mempool.space/tx/02cb0d294e9494a8deac068edb1ea86ad05d97600b60ac081f4a4bfd9d66e160
W-P004,ecash,tx,052383ffcb2ca7d2aee1f7c6ecfeaed772a35499c7d23ee3d99581ef8f524ac9,"Peg-out from an unlisted federation paying 7,870,620 sats to W-A1",third-party,Fedimint peg-out (signed by the federation; the recipient chooses the address),2026-09-28T19:38:38Z,aecd2ce360f707fbd73b3f721abcc15c0aee638e,2026-09-10T06:08:15Z,,https://mempool.space/tx/052383ffcb2ca7d2aee1f7c6ecfeaed772a35499c7d23ee3d99581ef8f524ac9
W-P005,ecash,tx,0a4b3569140325ea7ee8be4dacfdff050278c24d5429dba343074d6edd51f242,"Peg-out from an unlisted federation paying 8,736,866 sats to W-A1",third-party,Fedimint peg-out (signed by the federation; the recipient chooses the address),2026-09-28T19:38:38Z,aecd2ce360f707fbd73b3f721abcc15c0aee638e,2026-09-10T06:08:15Z,,https://mempool.space/tx/0a4b3569140325ea7ee8be4dacfdff050278c24d5429dba343074d6edd51f242
W-P006,ecash,tx,0b93bafa5c6155072022a81d65935175faa775d4b76d34f58919401833568647,"Peg-out from an unlisted federation paying 9,447,017 sats to W-A1",third-party,Fedimint peg-out (signed by the federation; the recipient chooses the address),2026-09-28T19:38:38Z,aecd2ce360f707fbd73b3f721abcc15c0aee638e,2026-09-10T06:08:15Z,,https://mempool.space/tx/0b93bafa5c6155072022a81d65935175faa775d4b76d34f58919401833568647
W-P007,ecash,tx,0d217d8c466789cb27dd675b82fda933712c911026d9e7a8e245551aab3b1bfb,"Peg-out from an unlisted federation paying 10,150,014 sats to W-A1",third-party,Fedimint peg-out (signed by the federation; the recipient chooses the address),2026-09-28T19:38:38Z,aecd2ce360f707fbd73b3f721abcc15c0aee638e,2026-09-10T06:08:15Z,,https://mempool.space/tx/0d217d8c466789cb27dd675b82fda933712c911026d9e7a8e245551aab3b1bfb
W-P008,ecash,tx,0f8f784f49b8cb8c7add0b4c566be3598e5a81d5c7a8cae9b2aec02643654b79,"Peg-out from an unlisted federation paying 12,275,697 sats to W-A1",third-party,Fedimint peg-out (signed by the federation; the recipient chooses the address),2026-09-28T19:38:38Z,aecd2ce360f707fbd73b3f721abcc15c0aee638e,2026-09-10T06:08:15Z,,https://mempool.space/tx/0f8f784f49b8cb8c7add0b4c566be3598e5a81d5c7a8cae9b2aec02643654b79
W-P009,ecash,tx,13d2c0550af8713bb26baec6aad63a327725d55581b94b4462f3920aa2eab6c6,"Peg-out from an unlisted federation paying 4,549,716 sats to W-A1",third-party,Fedimint peg-out (signed by the federation; the recipient chooses the address),2026-09-28T19:38:38Z,aecd2ce360f707fbd73b3f721abcc15c0aee638e,2026-09-10T06:08:15Z,,https://mempool.space/tx/13d2c0550af8713bb26baec6aad63a327725d55581b94b4462f3920aa2eab6c6
W-P010,ecash,tx,16ac4c5bf4b8dc4c5a4f93cddab6d3ba30fc5fe691eb92589e5321716b7743a2,"Peg-out from an unlisted federation paying 8,629,852 sats to W-A1",third-party,Fedimint peg-out (signed by the federation; the recipient chooses the address),2026-09-28T19:38:38Z,aecd2ce360f707fbd73b3f721abcc15c0aee638e,2026-09-10T06:08:15Z,,https://mempool.space/tx/16ac4c5bf4b8dc4c5a4f93cddab6d3ba30fc5fe691eb92589e5321716b7743a2
W-P011,ecash,tx,1a1ad29a059eda3b90979c566cceb8b378cdbef2492dd97b341586930b951374,"Peg-out from an unlisted federation paying 4,724,176 sats to W-A1",third-party,Fedimint peg-out (signed by the federation; the recipient chooses the address),2026-09-28T19:38:38Z,aecd2ce360f707fbd73b3f721abcc15c0aee638e,2026-09-10T06:08:15Z,,https://mempool.space/tx/1a1ad29a059eda3b90979c566cceb8b378cdbef2492dd97b341586930b951374
W-P012,ecash,tx,1d2cc568784000adf42b2eba8c8abdc8a2fc5e7d628b7ec57856d9477764f338,"Peg-out from an unlisted federation paying 8,845,866 sats to W-A1",third-party,Fedimint peg-out (signed by the federation; the recipient chooses the address),2026-09-28T19:38:38Z,aecd2ce360f707fbd73b3f721abcc15c0aee638e,2026-09-10T06:08:15Z,,https://mempool.space/tx/1d2cc568784000adf42b2eba8c8abdc8a2fc5e7d628b7ec57856d9477764f338
W-P013,ecash,tx,1e498d309b66eebe27f22436d75adeb723cfd1c62286b179ab1cbfb8a3f92034,"Peg-out from an unlisted federation paying 9,447,304 sats to W-A1",third-party,Fedimint peg-out (signed by the federation; the recipient chooses the address),2026-09-28T19:38:38Z,aecd2ce360f707fbd73b3f721abcc15c0aee638e,2026-09-10T06:08:15Z,,https://mempool.space/tx/1e498d309b66eebe27f22436d75adeb723cfd1c62286b179ab1cbfb8a3f92034
W-P014,ecash,tx,266a3476f5d456bd4f9ce3bdbdf3d6520b8690e74fbb5ae9367d7e7c8d071a43,"Peg-out from an unlisted federation paying 36,353,261 sats to W-A1",third-party,Fedimint peg-out (signed by the federation; the recipient chooses the address),2026-09-28T19:38:38Z,aecd2ce360f707fbd73b3f721abcc15c0aee638e,2026-09-10T06:08:15Z,,https://mempool.space/tx/266a3476f5d456bd4f9ce3bdbdf3d6520b8690e74fbb5ae9367d7e7c8d071a43
W-P015,ecash,tx,26c9c240f69f184be2798facbea4215e639ae941017aa01473fda2e9eea210ba,"Peg-out from an unlisted federation paying 9,371,334 sats to W-A1",third-party,Fedimint peg-out (signed by the federation; the recipient chooses the address),2026-09-28T19:38:38Z,aecd2ce360f707fbd73b3f721abcc15c0aee638e,2026-09-10T06:08:15Z,,https://mempool.space/tx/26c9c240f69f184be2798facbea4215e639ae941017aa01473fda2e9eea210ba
W-P016,ecash,tx,29bb5cef55660c975d4a3d592723c391b80fb33b5b124565de3164c8c4cf2a9d,"Peg-out from an unlisted federation paying 4,950,559 sats to W-A1",third-party,Fedimint peg-out (signed by the federation; the recipient chooses the address),2026-09-28T19:38:38Z,aecd2ce360f707fbd73b3f721abcc15c0aee638e,2026-09-10T06:08:15Z,,https://mempool.space/tx/29bb5cef55660c975d4a3d592723c391b80fb33b5b124565de3164c8c4cf2a9d
W-P017,ecash,tx,2a1d96814d384a352bf44d59170ea60d8fa848fb7a04877167d4385ad1046f89,"Peg-out from Marigold Trust Network paying 6,409,015 sats to W-A1",third-party,Fedimint peg-out (signed by the federation; the recipient chooses the address),2026-09-28T19:38:38Z,aecd2ce360f707fbd73b3f721abcc15c0aee638e,2026-09-10T06:08:15Z,,https://mempool.space/tx/2a1d96814d384a352bf44d59170ea60d8fa848fb7a04877167d4385ad1046f89
W-P018,ecash,tx,2bb774e5ad91841a6f4bda84d1c42c120b875e24bdc5c247ce52af1201f26543,"Peg-out from Bitcoin Principles paying 15,101,142 sats to W-A1",third-party,Fedimint peg-out (signed by the federation; the recipient chooses the address),2026-09-28T19:38:38Z,aecd2ce360f707fbd73b3f721abcc15c0aee638e,2026-09-10T06:08:15Z,,https://mempool.space/tx/2bb774e5ad91841a6f4bda84d1c42c120b875e24bdc5c247ce52af1201f26543
W-P019,ecash,tx,2f37171a23466314016dd9d8785c64873a986d5089704d0204600e0464a9152f,"Peg-out from an unlisted federation paying 9,541,831 sats to W-A1",third-party,Fedimint peg-out (signed by the federation; the recipient chooses the address),2026-09-28T19:38:38Z,aecd2ce360f707fbd73b3f721abcc15c0aee638e,2026-09-10T06:08:15Z,,https://mempool.space/tx/2f37171a23466314016dd9d8785c64873a986d5089704d0204600e0464a9152f
W-P020,ecash,tx,3be107b5fb81103d2aafccf24a8162d1132211e4d13ea796342742b4a570fa31,"Peg-out from an unlisted federation paying 9,473,100 sats to W-A1",third-party,Fedimint peg-out (signed by the federation; the recipient chooses the address),2026-09-28T19:38:38Z,aecd2ce360f707fbd73b3f721abcc15c0aee638e,2026-09-10T06:08:15Z,,https://mempool.space/tx/3be107b5fb81103d2aafccf24a8162d1132211e4d13ea796342742b4a570fa31
W-P021,ecash,tx,401e448579d980817fa6cf1b83b8cc910f43a63e7fc6177cf8d8a87bcbdbfc48,"Peg-out from an unlisted federation paying 4,609,595 sats to W-A1",third-party,Fedimint peg-out (signed by the federation; the recipient chooses the address),2026-09-28T19:38:38Z,aecd2ce360f707fbd73b3f721abcc15c0aee638e,2026-09-10T06:08:15Z,,https://mempool.space/tx/401e448579d980817fa6cf1b83b8cc910f43a63e7fc6177cf8d8a87bcbdbfc48
W-P022,ecash,tx,44d7aa65ad49dbfcc552c0d256c59d04536aaa2fabd2ac237141d64630fe3667,"Peg-out from an unlisted federation paying 11,229,783 sats to W-A1",third-party,Fedimint peg-out (signed by the federation; the recipient chooses the address),2026-09-28T19:38:38Z,aecd2ce360f707fbd73b3f721abcc15c0aee638e,2026-09-10T06:08:15Z,,https://mempool.space/tx/44d7aa65ad49dbfcc552c0d256c59d04536aaa2fabd2ac237141d64630fe3667
W-P023,ecash,tx,455ed26a7cab99392616a7d460245257b4ed0388fc754bc9ca255ba37215bc2e,"Peg-out from an unlisted federation paying 30,246,729 sats to W-A1",third-party,Fedimint peg-out (signed by the federation; the recipient chooses the address),2026-09-28T19:38:38Z,aecd2ce360f707fbd73b3f721abcc15c0aee638e,2026-09-10T06:08:15Z,,https://mempool.space/tx/455ed26a7cab99392616a7d460245257b4ed0388fc754bc9ca255ba37215bc2e
W-P024,ecash,tx,48447451a351c95bb2572543548d18b4bc9280d0ff79e196d625ed454b4ecd5c,"Peg-out from an unlisted federation paying 9,415,280 sats to W-A1",third-party,Fedimint peg-out (signed by the federation; the recipient chooses the address),2026-09-28T19:38:38Z,aecd2ce360f707fbd73b3f721abcc15c0aee638e,2026-09-10T06:08:15Z,,https://mempool.space/tx/48447451a351c95bb2572543548d18b4bc9280d0ff79e196d625ed454b4ecd5c
W-P025,ecash,tx,4a3000532dc0b8c812c781b6eff3fb296bba5c27066372e4c873a0570cd2a481,"Peg-out from LatNet paying 14,317,456 sats to W-A1",third-party,Fedimint peg-out (signed by the federation; the recipient chooses the address),2026-09-28T19:38:38Z,aecd2ce360f707fbd73b3f721abcc15c0aee638e,2026-09-10T06:08:15Z,,https://mempool.space/tx/4a3000532dc0b8c812c781b6eff3fb296bba5c27066372e4c873a0570cd2a481
W-P026,ecash,tx,4e888fad189dc81c6cfde2597159c6c357ff29fac72b8f266370c54da22a7824,"Peg-out from an unlisted federation paying 9,470,792 sats to W-A1",third-party,Fedimint peg-out (signed by the federation; the recipient chooses the address),2026-09-28T19:38:38Z,aecd2ce360f707fbd73b3f721abcc15c0aee638e,2026-09-10T06:08:15Z,,https://mempool.space/tx/4e888fad189dc81c6cfde2597159c6c357ff29fac72b8f266370c54da22a7824
W-P027,ecash,tx,4f684ee2463e0c3d5d14dbde7edc392696f8edb50fbb78510a5799580d942aec,"Peg-out from an unlisted federation paying 9,453,527 sats to W-A1",third-party,Fedimint peg-out (signed by the federation; the recipient chooses the address),2026-09-28T19:38:38Z,aecd2ce360f707fbd73b3f721abcc15c0aee638e,2026-09-10T06:08:15Z,,https://mempool.space/tx/4f684ee2463e0c3d5d14dbde7edc392696f8edb50fbb78510a5799580d942aec
W-P028,ecash,tx,4fd1aef25e70c0b90f768288e91ea2e8fd115842ca66f220c9d6ddf13b094a91,"Peg-out from an unlisted federation paying 8,481,783 sats to W-A1",third-party,Fedimint peg-out (signed by the federation; the recipient chooses the address),2026-09-28T19:38:38Z,aecd2ce360f707fbd73b3f721abcc15c0aee638e,2026-09-10T06:08:15Z,,https://mempool.space/tx/4fd1aef25e70c0b90f768288e91ea2e8fd115842ca66f220c9d6ddf13b094a91
W-P029,ecash,tx,50c842e6e7bc64632efec3074ad8b3020ad10daf0e864bd58e9fa40572d0aaac,"Peg-out from an unlisted federation paying 9,354,042 sats to W-A1",third-party,Fedimint peg-out (signed by the federation; the recipient chooses the address),2026-09-28T19:38:38Z,aecd2ce360f707fbd73b3f721abcc15c0aee638e,2026-09-10T06:08:15Z,,https://mempool.space/tx/50c842e6e7bc64632efec3074ad8b3020ad10daf0e864bd58e9fa40572d0aaac
W-P030,ecash,tx,523489522e1464322d04b027211fd82e8f9089cca7def7be865585940a04ec32,"Peg-out from an unlisted federation paying 9,472,289 sats to W-A1",third-party,Fedimint peg-out (signed by the federation; the recipient chooses the address),2026-09-28T19:38:38Z,aecd2ce360f707fbd73b3f721abcc15c0aee638e,2026-09-10T06:08:15Z,,https://mempool.space/tx/523489522e1464322d04b027211fd82e8f9089cca7def7be865585940a04ec32
W-P031,ecash,tx,5be9ca9b7f3ecef89750f45dcda42db48be3b90e26d64d4a8a7cd80659b30943,"Peg-out from an unlisted federation paying 12,473,987 sats to W-A1",third-party,Fedimint peg-out (signed by the federation; the recipient chooses the address),2026-09-28T19:38:38Z,aecd2ce360f707fbd73b3f721abcc15c0aee638e,2026-09-10T06:08:15Z,,https://mempool.space/tx/5be9ca9b7f3ecef89750f45dcda42db48be3b90e26d64d4a8a7cd80659b30943
W-P032,ecash,tx,6018b822b09de76581ce17420fc560d691cd4bf24c65ee0ce9b385e40fa4ee2c,"Peg-out from Global Bitcoin Federation paying 22,423,419 sats to W-A1",third-party,Fedimint peg-out (signed by the federation; the recipient chooses the address),2026-09-28T19:38:38Z,aecd2ce360f707fbd73b3f721abcc15c0aee638e,2026-09-10T06:08:15Z,,https://mempool.space/tx/6018b822b09de76581ce17420fc560d691cd4bf24c65ee0ce9b385e40fa4ee2c
W-P033,ecash,tx,60cdb72f6eca4c6a941260296acc95b0be7a0511428b09ed4ab0c14ec99318bb,"Peg-out from an unlisted federation paying 22,818,243 sats to W-A1",third-party,Fedimint peg-out (signed by the federation; the recipient chooses the address),2026-09-28T19:38:38Z,aecd2ce360f707fbd73b3f721abcc15c0aee638e,2026-09-10T06:08:15Z,,https://mempool.space/tx/60cdb72f6eca4c6a941260296acc95b0be7a0511428b09ed4ab0c14ec99318bb
W-P034,ecash,tx,63228ead5e656fbbe070ea2c52dc0b358041cd4e616ee800529c7df18d6768be,"Peg-out from an unlisted federation paying 2,206,335 sats to W-A1",third-party,Fedimint peg-out (signed by the federation; the recipient chooses the address),2026-09-28T19:38:38Z,aecd2ce360f707fbd73b3f721abcc15c0aee638e,2026-09-10T06:08:15Z,,https://mempool.space/tx/63228ead5e656fbbe070ea2c52dc0b358041cd4e616ee800529c7df18d6768be
W-P035,ecash,tx,64b624922b63fbb928ab035d6cc9fcda8c8eed4da8ac6fe9f29499bc4c0c45c8,"Peg-out from an unlisted federation paying 9,522,020 sats to W-A1",third-party,Fedimint peg-out (signed by the federation; the recipient chooses the address),2026-09-28T19:38:38Z,aecd2ce360f707fbd73b3f721abcc15c0aee638e,2026-09-10T06:08:15Z,,https://mempool.space/tx/64b624922b63fbb928ab035d6cc9fcda8c8eed4da8ac6fe9f29499bc4c0c45c8
W-P036,ecash,tx,64f81ffac534409fd36968f8d22a83fe99d7e9dbf7e113937a20d6035114680a,"Peg-out from an unlisted federation paying 9,473,100 sats to W-A1",third-party,Fedimint peg-out (signed by the federation; the recipient chooses the address),2026-09-28T19:38:38Z,aecd2ce360f707fbd73b3f721abcc15c0aee638e,2026-09-10T06:08:15Z,,https://mempool.space/tx/64f81ffac534409fd36968f8d22a83fe99d7e9dbf7e113937a20d6035114680a
W-P037,ecash,tx,67e45c97024c9bc7fb8874760ca9d9e2e31c759a20d9a17725d4f84987d0c284,"Peg-out from an unlisted federation paying 9,473,094 sats to W-A1",third-party,Fedimint peg-out (signed by the federation; the recipient chooses the address),2026-09-28T19:38:38Z,aecd2ce360f707fbd73b3f721abcc15c0aee638e,2026-09-10T06:08:15Z,,https://mempool.space/tx/67e45c97024c9bc7fb8874760ca9d9e2e31c759a20d9a17725d4f84987d0c284
W-P038,ecash,tx,6821640a9420a8fd5a1453f671fd70dd1871ceea7ca7c7c368772d50490ef25f,"Peg-out from an unlisted federation paying 13,750,599 sats to W-A1",third-party,Fedimint peg-out (signed by the federation; the recipient chooses the address),2026-09-28T19:38:38Z,aecd2ce360f707fbd73b3f721abcc15c0aee638e,2026-09-10T06:08:15Z,,https://mempool.space/tx/6821640a9420a8fd5a1453f671fd70dd1871ceea7ca7c7c368772d50490ef25f
W-P039,ecash,tx,68caac9e76da49741efc62b13653f6db49c058bf47d8434ff1e4f594e0aa6df9,"Peg-out from an unlisted federation paying 5,721,379 sats to W-A1",third-party,Fedimint peg-out (signed by the federation; the recipient chooses the address),2026-09-28T19:38:38Z,aecd2ce360f707fbd73b3f721abcc15c0aee638e,2026-09-10T06:08:15Z,,https://mempool.space/tx/68caac9e76da49741efc62b13653f6db49c058bf47d8434ff1e4f594e0aa6df9
W-P040,ecash,tx,69e1a96658cf8a8e5e71f227184632b1039329b6018083d9cba4634b0496040b,"Peg-out from an unlisted federation paying 9,202,217 sats to W-A1",third-party,Fedimint peg-out (signed by the federation; the recipient chooses the address),2026-09-28T19:38:38Z,aecd2ce360f707fbd73b3f721abcc15c0aee638e,2026-09-10T06:08:15Z,,https://mempool.space/tx/69e1a96658cf8a8e5e71f227184632b1039329b6018083d9cba4634b0496040b
W-P041,ecash,tx,709ed7c64d5a9db7b9a94e03c885896dae84b6e822dfd7a315089fb535e56984,"Peg-out from an unlisted federation paying 9,519,710 sats to W-A1",third-party,Fedimint peg-out (signed by the federation; the recipient chooses the address),2026-09-28T19:38:38Z,aecd2ce360f707fbd73b3f721abcc15c0aee638e,2026-09-10T06:08:15Z,,https://mempool.space/tx/709ed7c64d5a9db7b9a94e03c885896dae84b6e822dfd7a315089fb535e56984
W-P042,ecash,tx,74ad9c37013ae7a32fc01fc9ca856d3810eadd6720f2e1f981ec75f5ea6cc6e9,"Peg-out from an unlisted federation paying 4,750,500 sats to W-A1",third-party,Fedimint peg-out (signed by the federation; the recipient chooses the address),2026-09-28T19:38:38Z,aecd2ce360f707fbd73b3f721abcc15c0aee638e,2026-09-10T06:08:15Z,,https://mempool.space/tx/74ad9c37013ae7a32fc01fc9ca856d3810eadd6720f2e1f981ec75f5ea6cc6e9
W-P043,ecash,tx,76133324ef58e44509bd30a2aba450bb0d0c07ffedc5eef637140ae38a7df99f,"Peg-out from an unlisted federation paying 9,472,236 sats to W-A1",third-party,Fedimint peg-out (signed by the federation; the recipient chooses the address),2026-09-28T19:38:38Z,aecd2ce360f707fbd73b3f721abcc15c0aee638e,2026-09-10T06:08:15Z,,https://mempool.space/tx/76133324ef58e44509bd30a2aba450bb0d0c07ffedc5eef637140ae38a7df99f
W-P044,ecash,tx,79bf5ba83ed72f6b79118d6a6adea35fbbe7f8f9d716c6df0e4910f1a4394ca4,"Peg-out from an unlisted federation paying 9,446,672 sats to W-A1",third-party,Fedimint peg-out (signed by the federation; the recipient chooses the address),2026-09-28T19:38:38Z,aecd2ce360f707fbd73b3f721abcc15c0aee638e,2026-09-10T06:08:15Z,,https://mempool.space/tx/79bf5ba83ed72f6b79118d6a6adea35fbbe7f8f9d716c6df0e4910f1a4394ca4
W-P045,ecash,tx,858111c4d36b12842d6feebf254a984410aed4aa48d992b70b432098d5620707,"Peg-out from BTC Brasil paying 7,193,736 sats to W-A1",third-party,Fedimint peg-out (signed by the federation; the recipient chooses the address),2026-09-28T19:38:38Z,aecd2ce360f707fbd73b3f721abcc15c0aee638e,2026-09-10T06:08:15Z,,https://mempool.space/tx/858111c4d36b12842d6feebf254a984410aed4aa48d992b70b432098d5620707
W-P046,ecash,tx,8881375abded7eb5b7b5da64236a5e955911adad43c9919dcce7bab84becbdbf,"Peg-out from an unlisted federation paying 9,299,875 sats to W-A1",third-party,Fedimint peg-out (signed by the federation; the recipient chooses the address),2026-09-28T19:38:38Z,aecd2ce360f707fbd73b3f721abcc15c0aee638e,2026-09-10T06:08:15Z,,https://mempool.space/tx/8881375abded7eb5b7b5da64236a5e955911adad43c9919dcce7bab84becbdbf
W-P047,ecash,tx,8d7d0be669b4de82173175c25b56d9871ff6a166aca4c41fe7211da1f76e49a2,"Peg-out from an unlisted federation paying 4,734,441 sats to W-A1",third-party,Fedimint peg-out (signed by the federation; the recipient chooses the address),2026-09-28T19:38:38Z,aecd2ce360f707fbd73b3f721abcc15c0aee638e,2026-09-10T06:08:15Z,,https://mempool.space/tx/8d7d0be669b4de82173175c25b56d9871ff6a166aca4c41fe7211da1f76e49a2
W-P048,ecash,tx,9006b0d6365310a70f5899c79566a5b520d941ccf5a32e4e07540c2de93760f4,"Peg-out from an unlisted federation paying 136,823,508 sats to W-A1",third-party,Fedimint peg-out (signed by the federation; the recipient chooses the address),2026-09-28T19:38:38Z,aecd2ce360f707fbd73b3f721abcc15c0aee638e,2026-09-10T06:08:15Z,,https://mempool.space/tx/9006b0d6365310a70f5899c79566a5b520d941ccf5a32e4e07540c2de93760f4
W-P049,ecash,tx,93631de24e7a5000161943081187fd9987aa819138436848a9123b1763357349,"Peg-out from an unlisted federation paying 8,081,399 sats to W-A1",third-party,Fedimint peg-out (signed by the federation; the recipient chooses the address),2026-09-28T19:38:38Z,aecd2ce360f707fbd73b3f721abcc15c0aee638e,2026-09-10T06:08:15Z,,https://mempool.space/tx/93631de24e7a5000161943081187fd9987aa819138436848a9123b1763357349
W-P050,ecash,tx,9900dda40635cf47aafb13942eec083e09be221435f882c2ed76847430a4ad18,"Peg-out from an unlisted federation paying 9,403,126 sats to W-A1",third-party,Fedimint peg-out (signed by the federation; the recipient chooses the address),2026-09-28T19:38:38Z,aecd2ce360f707fbd73b3f721abcc15c0aee638e,2026-09-10T06:08:15Z,,https://mempool.space/tx/9900dda40635cf47aafb13942eec083e09be221435f882c2ed76847430a4ad18
W-P051,ecash,tx,9bf77346489030318bb32ec6fb7ce3efd1c4bbc0d759a9e8ede15067884c2395,"Peg-out from an unlisted federation paying 9,425,516 sats to W-A1",third-party,Fedimint peg-out (signed by the federation; the recipient chooses the address),2026-09-28T19:38:38Z,aecd2ce360f707fbd73b3f721abcc15c0aee638e,2026-09-10T06:08:15Z,,https://mempool.space/tx/9bf77346489030318bb32ec6fb7ce3efd1c4bbc0d759a9e8ede15067884c2395
W-P052,ecash,tx,9e0bf8cc24753e573879d8fc2cfc81399d69470f5972bc59a9b7d7df53278bf7,"Peg-out from an unlisted federation paying 9,472,984 sats to W-A1",third-party,Fedimint peg-out (signed by the federation; the recipient chooses the address),2026-09-28T19:38:38Z,aecd2ce360f707fbd73b3f721abcc15c0aee638e,2026-09-10T06:08:15Z,,https://mempool.space/tx/9e0bf8cc24753e573879d8fc2cfc81399d69470f5972bc59a9b7d7df53278bf7
W-P053,ecash,tx,9e4a4fb2bec7ea894ca07fe74ae7cf6ffe2becbe51ac265e4b880bd4713c2ed1,"Peg-out from an unlisted federation paying 5,382,646 sats to W-A1",third-party,Fedimint peg-out (signed by the federation; the recipient chooses the address),2026-09-28T19:38:38Z,aecd2ce360f707fbd73b3f721abcc15c0aee638e,2026-09-10T06:08:15Z,,https://mempool.space/tx/9e4a4fb2bec7ea894ca07fe74ae7cf6ffe2becbe51ac265e4b880bd4713c2ed1
W-P054,ecash,tx,a1791cf682ee7093443e2b9dea81de449e7e51d8e8b0618b9094ba2e309a09d6,"Peg-out from an unlisted federation paying 5,009,900 sats to W-A1",third-party,Fedimint peg-out (signed by the federation; the recipient chooses the address),2026-09-28T19:38:38Z,aecd2ce360f707fbd73b3f721abcc15c0aee638e,2026-09-10T06:08:15Z,,https://mempool.space/tx/a1791cf682ee7093443e2b9dea81de449e7e51d8e8b0618b9094ba2e309a09d6
W-P055,ecash,tx,a62f4015e308c7d3b82a4b5cdeca9c4ee4d86098bb37e0af6eebde4d99063c19,"Peg-out from an unlisted federation paying 9,016,561 sats to W-A1",third-party,Fedimint peg-out (signed by the federation; the recipient chooses the address),2026-09-28T19:38:38Z,aecd2ce360f707fbd73b3f721abcc15c0aee638e,2026-09-10T06:08:15Z,,https://mempool.space/tx/a62f4015e308c7d3b82a4b5cdeca9c4ee4d86098bb37e0af6eebde4d99063c19
W-P056,ecash,tx,a95e66702a25a74e866de2a592955e09f5e7a8ad427cdd2b9a49290cff7499ff,"Peg-out from an unlisted federation paying 4,231,784 sats to W-A1",third-party,Fedimint peg-out (signed by the federation; the recipient chooses the address),2026-09-28T19:38:38Z,aecd2ce360f707fbd73b3f721abcc15c0aee638e,2026-09-10T06:08:15Z,,https://mempool.space/tx/a95e66702a25a74e866de2a592955e09f5e7a8ad427cdd2b9a49290cff7499ff
W-P057,ecash,tx,b24ec56ff376d1626e88ee6a65e5cf84bd9f2fd58f6ab81bd57ecf057d7c0d35,"Peg-out from an unlisted federation paying 9,798,063 sats to W-A1",third-party,Fedimint peg-out (signed by the federation; the recipient chooses the address),2026-09-28T19:38:38Z,aecd2ce360f707fbd73b3f721abcc15c0aee638e,2026-09-10T06:08:15Z,,https://mempool.space/tx/b24ec56ff376d1626e88ee6a65e5cf84bd9f2fd58f6ab81bd57ecf057d7c0d35
W-P058,ecash,tx,b3227ad39e66ab3c188d67d1914f0fc79ffc09598621a20300b1864aba8afc76,"Peg-out from an unlisted federation paying 18,676,100 sats to W-A1",third-party,Fedimint peg-out (signed by the federation; the recipient chooses the address),2026-09-28T19:38:38Z,aecd2ce360f707fbd73b3f721abcc15c0aee638e,2026-09-10T06:08:15Z,,https://mempool.space/tx/b3227ad39e66ab3c188d67d1914f0fc79ffc09598621a20300b1864aba8afc76
W-P059,ecash,tx,b5ed3786b4ba4f1cd702394c56823c09ecd169bbcbdd0463237533b613eb0e60,"Peg-out from an unlisted federation paying 9,441,359 sats to W-A1",third-party,Fedimint peg-out (signed by the federation; the recipient chooses the address),2026-09-28T19:38:38Z,aecd2ce360f707fbd73b3f721abcc15c0aee638e,2026-09-10T06:08:15Z,,https://mempool.space/tx/b5ed3786b4ba4f1cd702394c56823c09ecd169bbcbdd0463237533b613eb0e60
W-P060,ecash,tx,b9b03d58de38ed5612d21106c5d98bf6b2705c7f336a75b262098adf8bbc015d,"Peg-out from Alianza BTC paying 8,457,595 sats to W-A1",third-party,Fedimint peg-out (signed by the federation; the recipient chooses the address),2026-09-28T19:38:38Z,aecd2ce360f707fbd73b3f721abcc15c0aee638e,2026-09-10T06:08:15Z,,https://mempool.space/tx/b9b03d58de38ed5612d21106c5d98bf6b2705c7f336a75b262098adf8bbc015d
W-P061,ecash,tx,bacf4b52f1ad9e22be9ce2960b71fc392db2e6dbbf951d7b5b4491214b71d749,"Peg-out from an unlisted federation paying 9,395,623 sats to W-A1",third-party,Fedimint peg-out (signed by the federation; the recipient chooses the address),2026-09-28T19:38:38Z,aecd2ce360f707fbd73b3f721abcc15c0aee638e,2026-09-10T06:08:15Z,,https://mempool.space/tx/bacf4b52f1ad9e22be9ce2960b71fc392db2e6dbbf951d7b5b4491214b71d749
W-P062,ecash,tx,bd6f50eabd7c563d50bfd81be5d2d8ef1adb06d80eedebecb9c4a7f6be41282c,"Peg-out from an unlisted federation paying 9,641,965 sats to W-A1",third-party,Fedimint peg-out (signed by the federation; the recipient chooses the address),2026-09-28T19:38:38Z,aecd2ce360f707fbd73b3f721abcc15c0aee638e,2026-09-10T06:08:15Z,,https://mempool.space/tx/bd6f50eabd7c563d50bfd81be5d2d8ef1adb06d80eedebecb9c4a7f6be41282c
W-P063,ecash,tx,bd8483cbec00393f02e4ae9eb390f2a9abdca07802193960a1cbe32adf75fc55,"Peg-out from an unlisted federation paying 50,194,567 sats to W-A1",third-party,Fedimint peg-out (signed by the federation; the recipient chooses the address),2026-09-28T19:38:38Z,aecd2ce360f707fbd73b3f721abcc15c0aee638e,2026-09-10T06:08:15Z,,https://mempool.space/tx/bd8483cbec00393f02e4ae9eb390f2a9abdca07802193960a1cbe32adf75fc55
W-P064,ecash,tx,c09c7ee9d6ef2d6c013d5adecb1ba52d43e8558c9c2e677dbaaede9468e9c7f9,"Peg-out from an unlisted federation paying 9,472,995 sats to W-A1",third-party,Fedimint peg-out (signed by the federation; the recipient chooses the address),2026-09-28T19:38:38Z,aecd2ce360f707fbd73b3f721abcc15c0aee638e,2026-09-10T06:08:15Z,,https://mempool.space/tx/c09c7ee9d6ef2d6c013d5adecb1ba52d43e8558c9c2e677dbaaede9468e9c7f9
W-P065,ecash,tx,c0a35b92c3ad35e94f6ce242c30776a1c4979cbec895d681963f92199d7d2045,"Peg-out from an unlisted federation paying 12,322,257 sats to W-A1",third-party,Fedimint peg-out (signed by the federation; the recipient chooses the address),2026-09-28T19:38:38Z,aecd2ce360f707fbd73b3f721abcc15c0aee638e,2026-09-10T06:08:15Z,,https://mempool.space/tx/c0a35b92c3ad35e94f6ce242c30776a1c4979cbec895d681963f92199d7d2045
W-P066,ecash,tx,c69c571ac36859a6b51d2251794c3ebc657e75faa9f10159b59b5a40cd7fa943,"Peg-out from an unlisted federation paying 9,473,078 sats to W-A1",third-party,Fedimint peg-out (signed by the federation; the recipient chooses the address),2026-09-28T19:38:38Z,aecd2ce360f707fbd73b3f721abcc15c0aee638e,2026-09-10T06:08:15Z,,https://mempool.space/tx/c69c571ac36859a6b51d2251794c3ebc657e75faa9f10159b59b5a40cd7fa943
W-P067,ecash,tx,c6f4f66cfcc3804e9589779fd0a762a6382930f2c02e15ad0db58158c41b9ccb,"Peg-out from an unlisted federation paying 9,277,168 sats to W-A1",third-party,Fedimint peg-out (signed by the federation; the recipient chooses the address),2026-09-28T19:38:38Z,aecd2ce360f707fbd73b3f721abcc15c0aee638e,2026-09-10T06:08:15Z,,https://mempool.space/tx/c6f4f66cfcc3804e9589779fd0a762a6382930f2c02e15ad0db58158c41b9ccb
W-P068,ecash,tx,c7a168f9e18ddc34f81c6d57ea53c096083a8c7ccbfee59afeaf4fc62f381971,"Peg-out from Orange Club Africa paying 18,490,261 sats to W-A1",third-party,Fedimint peg-out (signed by the federation; the recipient chooses the address),2026-09-28T19:38:38Z,aecd2ce360f707fbd73b3f721abcc15c0aee638e,2026-09-10T06:08:15Z,,https://mempool.space/tx/c7a168f9e18ddc34f81c6d57ea53c096083a8c7ccbfee59afeaf4fc62f381971
W-P069,ecash,tx,d164765dcae4bdd01cd8c938915cf87ab7acd5f0a4b453129b4ba0e8a0b4f6db,"Peg-out from Marigold Trust Network paying 4,967,854 sats to W-A1",third-party,Fedimint peg-out (signed by the federation; the recipient chooses the address),2026-09-28T19:38:38Z,aecd2ce360f707fbd73b3f721abcc15c0aee638e,2026-09-10T06:08:15Z,,https://mempool.space/tx/d164765dcae4bdd01cd8c938915cf87ab7acd5f0a4b453129b4ba0e8a0b4f6db
W-P070,ecash,tx,d3df3e57526e22bf1e0751143413bec2b30a0083a1ae084701cd7ed8393c888e,"Peg-out from an unlisted federation paying 18,656,705 sats to W-A1",third-party,Fedimint peg-out (signed by the federation; the recipient chooses the address),2026-09-28T19:38:38Z,aecd2ce360f707fbd73b3f721abcc15c0aee638e,2026-09-10T06:08:15Z,,https://mempool.space/tx/d3df3e57526e22bf1e0751143413bec2b30a0083a1ae084701cd7ed8393c888e
W-P071,ecash,tx,d7bc1f71abcb7a37e710cbd386fc7f834f4f45f0dc67145d2b697653a700c153,"Peg-out from an unlisted federation paying 5,620,838 sats to W-A1",third-party,Fedimint peg-out (signed by the federation; the recipient chooses the address),2026-09-28T19:38:38Z,aecd2ce360f707fbd73b3f721abcc15c0aee638e,2026-09-10T06:08:15Z,,https://mempool.space/tx/d7bc1f71abcb7a37e710cbd386fc7f834f4f45f0dc67145d2b697653a700c153
W-P072,ecash,tx,db233ff7b3d955b49b18cab07b3aa5fbcf1c95546ad62038930bb8a0ada7b4a9,"Peg-out from an unlisted federation paying 216,972,187 sats to W-A1",third-party,Fedimint peg-out (signed by the federation; the recipient chooses the address),2026-09-28T19:38:38Z,aecd2ce360f707fbd73b3f721abcc15c0aee638e,2026-09-10T06:08:15Z,,https://mempool.space/tx/db233ff7b3d955b49b18cab07b3aa5fbcf1c95546ad62038930bb8a0ada7b4a9
W-P073,ecash,tx,e142ce5a25f79fcbb868c260b2c6fe3c27125afc5217bfe5ca221cc39e31cdef,"Peg-out from an unlisted federation paying 6,202,507 sats to W-A1",third-party,Fedimint peg-out (signed by the federation; the recipient chooses the address),2026-09-28T19:38:38Z,aecd2ce360f707fbd73b3f721abcc15c0aee638e,2026-09-10T06:08:15Z,,https://mempool.space/tx/e142ce5a25f79fcbb868c260b2c6fe3c27125afc5217bfe5ca221cc39e31cdef
W-P074,ecash,tx,e177ea726804863c7f3f547b5c45ce660b08c158c4014514672a0a94a84e971c,"Peg-out from an unlisted federation paying 8,972,562 sats to W-A1",third-party,Fedimint peg-out (signed by the federation; the recipient chooses the address),2026-09-28T19:38:38Z,aecd2ce360f707fbd73b3f721abcc15c0aee638e,2026-09-10T06:08:15Z,,https://mempool.space/tx/e177ea726804863c7f3f547b5c45ce660b08c158c4014514672a0a94a84e971c
W-P075,ecash,tx,e8f15fa48ce77025d86fd99c221b31d97598aa7db3bbf47c0a65ba7d0bd4e78d,"Peg-out from an unlisted federation paying 7,811,545 sats to W-A1",third-party,Fedimint peg-out (signed by the federation; the recipient chooses the address),2026-09-28T19:38:38Z,aecd2ce360f707fbd73b3f721abcc15c0aee638e,2026-09-10T06:08:15Z,,https://mempool.space/tx/e8f15fa48ce77025d86fd99c221b31d97598aa7db3bbf47c0a65ba7d0bd4e78d
W-P076,ecash,tx,f1f23c81d1cf75db7ef05f9e6aed4c3c9f6090ab79af492e920f438eeb4cb5ac,"Peg-out from Bitcoinomad paying 10,153,969 sats to W-A1",third-party,Fedimint peg-out (signed by the federation; the recipient chooses the address),2026-09-28T19:38:38Z,aecd2ce360f707fbd73b3f721abcc15c0aee638e,2026-09-10T06:08:15Z,,https://mempool.space/tx/f1f23c81d1cf75db7ef05f9e6aed4c3c9f6090ab79af492e920f438eeb4cb5ac
W-P077,ecash,tx,fc4eb25026ca16b197d190576432624a944a0d08b37e362d166fab8988ef9301,"Peg-out from an unlisted federation paying 8,971,967 sats to W-A1",third-party,Fedimint peg-out (signed by the federation; the recipient chooses the address),2026-09-28T19:38:38Z,aecd2ce360f707fbd73b3f721abcc15c0aee638e,2026-09-10T06:08:15Z,,https://mempool.space/tx/fc4eb25026ca16b197d190576432624a944a0d08b37e362d166fab8988ef9301
W-P078,ecash,tx,fc93df7761d3825edd229a36fdccaec48a4a8ce194035c3ffceb45bfef30cf8b,"Peg-out from an unlisted federation paying 9,262,220 sats to W-A1",third-party,Fedimint peg-out (signed by the federation; the recipient chooses the address),2026-09-28T19:38:38Z,aecd2ce360f707fbd73b3f721abcc15c0aee638e,2026-09-10T06:08:15Z,,https://mempool.space/tx/fc93df7761d3825edd229a36fdccaec48a4a8ce194035c3ffceb45bfef30cf8b
W-P079,ecash,tx,fe97a797f3371c2119486305a61b3e421bce938dc2da26c300902d95b87c0c7c,"Peg-out from an unlisted federation paying 9,353,362 sats to W-A1",third-party,Fedimint peg-out (signed by the federation; the recipient chooses the address),2026-09-28T19:38:38Z,aecd2ce360f707fbd73b3f721abcc15c0aee638e,2026-09-10T06:08:15Z,,https://mempool.space/tx/fe97a797f3371c2119486305a61b3e421bce938dc2da26c300902d95b87c0c7c
W-P080,ecash,tx,fff80619ad7784bad97c35b19e0fb922d95520e711bf0c8ae3b02f167f535fbf,"Peg-out from BTC Brasil paying 276,473 sats to W-A1",third-party,Fedimint peg-out (signed by the federation; the recipient chooses the address),2026-09-28T19:38:38Z,aecd2ce360f707fbd73b3f721abcc15c0aee638e,2026-09-10T06:08:15Z,,https://mempool.space/tx/fff80619ad7784bad97c35b19e0fb922d95520e711bf0c8ae3b02f167f535fbf
W-P081,ecash,tx,032d466faf7e4eaeadfb8b3388e34502a9e6e182ddd9b3fa086a04292000b128,"Peg-out from an unlisted federation paying 6,358,612 sats to W-A1",third-party,Fedimint peg-out (signed by the federation; the recipient chooses the address),2026-09-28T19:38:38Z,aecd2ce360f707fbd73b3f721abcc15c0aee638e,2026-09-10T06:22:05Z,,https://mempool.space/tx/032d466faf7e4eaeadfb8b3388e34502a9e6e182ddd9b3fa086a04292000b128
W-P082,ecash,tx,0bed4bc279a919b94394e0dd3823cd35f8bc3f1d18e1910752a3b37b8ef88d1a,"Peg-out from an unlisted federation paying 4,284,580 sats to W-A1",third-party,Fedimint peg-out (signed by the federation; the recipient chooses the address),2026-09-28T19:38:38Z,aecd2ce360f707fbd73b3f721abcc15c0aee638e,2026-09-10T06:22:05Z,,https://mempool.space/tx/0bed4bc279a919b94394e0dd3823cd35f8bc3f1d18e1910752a3b37b8ef88d1a
W-P083,ecash,tx,1023c41ec6e47e601353937bdbe5f2edf34f485177e774a3a0998963250518ec,"Peg-out from an unlisted federation paying 9,470,417 sats to W-A1",third-party,Fedimint peg-out (signed by the federation; the recipient chooses the address),2026-09-28T19:38:38Z,aecd2ce360f707fbd73b3f721abcc15c0aee638e,2026-09-10T06:22:05Z,,https://mempool.space/tx/1023c41ec6e47e601353937bdbe5f2edf34f485177e774a3a0998963250518ec
W-P084,ecash,tx,1c5c51a8a2d562272c5647a0dd20063a78a4d00e187da40d534d547446b2ca69,"Peg-out from an unlisted federation paying 4,746,996 sats to W-A1",third-party,Fedimint peg-out (signed by the federation; the recipient chooses the address),2026-09-28T19:38:38Z,aecd2ce360f707fbd73b3f721abcc15c0aee638e,2026-09-10T06:22:05Z,,https://mempool.space/tx/1c5c51a8a2d562272c5647a0dd20063a78a4d00e187da40d534d547446b2ca69
W-P085,ecash,tx,240725b0e3953adf9fa285921375684c4b713b642e7b8f3cc05348c44b210887,"Peg-out from an unlisted federation paying 4,747,441 sats to W-A1",third-party,Fedimint peg-out (signed by the federation; the recipient chooses the address),2026-09-28T19:38:38Z,aecd2ce360f707fbd73b3f721abcc15c0aee638e,2026-09-10T06:22:05Z,,https://mempool.space/tx/240725b0e3953adf9fa285921375684c4b713b642e7b8f3cc05348c44b210887
W-P086,ecash,tx,4fbcecab7005ad9f0a5190da52ebf5d86412f7bc9825f67f373603eb89789c1b,"Peg-out from Island Bitcoin Community paying 9,468,051 sats to W-A1",third-party,Fedimint peg-out (signed by the federation; the recipient chooses the address),2026-09-28T19:38:38Z,aecd2ce360f707fbd73b3f721abcc15c0aee638e,2026-09-10T06:22:05Z,,https://mempool.space/tx/4fbcecab7005ad9f0a5190da52ebf5d86412f7bc9825f67f373603eb89789c1b
W-P087,ecash,tx,506b3ae972151da09c8d7da00cb010a817bde386dfbf56cb7a1eecf2be7abc0c,"Peg-out from an unlisted federation paying 309,123 sats to W-A1",third-party,Fedimint peg-out (signed by the federation; the recipient chooses the address),2026-09-28T19:38:38Z,aecd2ce360f707fbd73b3f721abcc15c0aee638e,2026-09-10T06:22:05Z,,https://mempool.space/tx/506b3ae972151da09c8d7da00cb010a817bde386dfbf56cb7a1eecf2be7abc0c
W-P088,ecash,tx,6332df8559836daad4fbe395ff12003742c8b2d78545919046e740fcd5ede6c2,"Peg-out from an unlisted federation paying 14,810,032 sats to W-A1",third-party,Fedimint peg-out (signed by the federation; the recipient chooses the address),2026-09-28T19:38:38Z,aecd2ce360f707fbd73b3f721abcc15c0aee638e,2026-09-10T06:22:05Z,,https://mempool.space/tx/6332df8559836daad4fbe395ff12003742c8b2d78545919046e740fcd5ede6c2
W-P089,ecash,tx,640d031b6f484df02abca57d188e3e8b1a9913fa83f17bd8626d90d9e1c52b6e,"Peg-out from an unlisted federation paying 9,468,546 sats to W-A1",third-party,Fedimint peg-out (signed by the federation; the recipient chooses the address),2026-09-28T19:38:38Z,aecd2ce360f707fbd73b3f721abcc15c0aee638e,2026-09-10T06:22:05Z,,https://mempool.space/tx/640d031b6f484df02abca57d188e3e8b1a9913fa83f17bd8626d90d9e1c52b6e
W-P090,ecash,tx,66f167e25e6081e9d02cbfca1f6d58feafd6a78a91ea217b5af04bf5b2554897,"Peg-out from an unlisted federation paying 9,470,659 sats to W-A1",third-party,Fedimint peg-out (signed by the federation; the recipient chooses the address),2026-09-28T19:38:38Z,aecd2ce360f707fbd73b3f721abcc15c0aee638e,2026-09-10T06:22:05Z,,https://mempool.space/tx/66f167e25e6081e9d02cbfca1f6d58feafd6a78a91ea217b5af04bf5b2554897
W-P091,ecash,tx,7b0123bb0d26aa3389bedc2ed2d0ff717a46c66d407c7a390f26c6c81d797e09,"Peg-out from an unlisted federation paying 9,348,074 sats to W-A1",third-party,Fedimint peg-out (signed by the federation; the recipient chooses the address),2026-09-28T19:38:38Z,aecd2ce360f707fbd73b3f721abcc15c0aee638e,2026-09-10T06:22:05Z,,https://mempool.space/tx/7b0123bb0d26aa3389bedc2ed2d0ff717a46c66d407c7a390f26c6c81d797e09
W-P092,ecash,tx,8c071b3273904ddf0eba23991a82a3084f85b6b22112b7f7b27656ade0b59dc1,"Peg-out from an unlisted federation paying 4,637,677 sats to W-A1",third-party,Fedimint peg-out (signed by the federation; the recipient chooses the address),2026-09-28T19:38:38Z,aecd2ce360f707fbd73b3f721abcc15c0aee638e,2026-09-10T06:22:05Z,,https://mempool.space/tx/8c071b3273904ddf0eba23991a82a3084f85b6b22112b7f7b27656ade0b59dc1
W-P093,ecash,tx,96f62a0b49f1c403d2fb0ffa9c59a1bd309b087b737dcfd232cf212a28354145,"Peg-out from an unlisted federation paying 4,097,532 sats to W-A1",third-party,Fedimint peg-out (signed by the federation; the recipient chooses the address),2026-09-28T19:38:38Z,aecd2ce360f707fbd73b3f721abcc15c0aee638e,2026-09-10T06:22:05Z,,https://mempool.space/tx/96f62a0b49f1c403d2fb0ffa9c59a1bd309b087b737dcfd232cf212a28354145
W-P094,ecash,tx,a41df7dbef3d3e2202d517f8a91b2d22c80a474558f1fe2b93e6a44b8aeec8fd,"Peg-out from an unlisted federation paying 9,467,957 sats to W-A1",third-party,Fedimint peg-out (signed by the federation; the recipient chooses the address),2026-09-28T19:38:38Z,aecd2ce360f707fbd73b3f721abcc15c0aee638e,2026-09-10T06:22:05Z,,https://mempool.space/tx/a41df7dbef3d3e2202d517f8a91b2d22c80a474558f1fe2b93e6a44b8aeec8fd
W-P095,ecash,tx,f843cf224bf3f4918092a3d0a248f0c2c4c954ddafbef9c8a2b184ac998040ea,"Peg-out from an unlisted federation paying 9,473,046 sats to W-A1",third-party,Fedimint peg-out (signed by the federation; the recipient chooses the address),2026-09-28T19:38:38Z,aecd2ce360f707fbd73b3f721abcc15c0aee638e,2026-09-10T06:22:05Z,,https://mempool.space/tx/f843cf224bf3f4918092a3d0a248f0c2c4c954ddafbef9c8a2b184ac998040ea
W-P096,ecash,tx,00e90578f2d1c6ca0c3a349e568b72f4cd742ea61d8bd09e220a4e2dfa4fd4cb,"Peg-out from an unlisted federation paying 22,243 sats to W-A1",third-party,Fedimint peg-out (signed by the federation; the recipient chooses the address),2026-09-28T19:38:38Z,aecd2ce360f707fbd73b3f721abcc15c0aee638e,2026-09-10T06:26:22Z,,https://mempool.space/tx/00e90578f2d1c6ca0c3a349e568b72f4cd742ea61d8bd09e220a4e2dfa4fd4cb
W-P097,ecash,tx,0a52b24c7da8822444a4f5a13103c00a3fdd308c92fd1e659d1c0b7753124d9b,"Peg-out from an unlisted federation paying 22,526 sats to W-A1",third-party,Fedimint peg-out (signed by the federation; the recipient chooses the address),2026-09-28T19:38:38Z,aecd2ce360f707fbd73b3f721abcc15c0aee638e,2026-09-10T06:26:22Z,,https://mempool.space/tx/0a52b24c7da8822444a4f5a13103c00a3fdd308c92fd1e659d1c0b7753124d9b
W-P098,ecash,tx,0c5dd31d91a5e1fdf1825d4fd4a2d7bd9182c779eece8e87bc04552ad1c88d15,"Peg-out from an unlisted federation paying 22,212 sats to W-A1",third-party,Fedimint peg-out (signed by the federation; the recipient chooses the address),2026-09-28T19:38:38Z,aecd2ce360f707fbd73b3f721abcc15c0aee638e,2026-09-10T06:26:22Z,,https://mempool.space/tx/0c5dd31d91a5e1fdf1825d4fd4a2d7bd9182c779eece8e87bc04552ad1c88d15
W-P099,ecash,tx,0ed7f2096bfda50250bc43d284f93add126daa75b3481023dbd7131697bfabef,"Peg-out from an unlisted federation paying 21,958 sats to W-A1",third-party,Fedimint peg-out (signed by the federation; the recipient chooses the address),2026-09-28T19:38:38Z,aecd2ce360f707fbd73b3f721abcc15c0aee638e,2026-09-10T06:26:22Z,,https://mempool.space/tx/0ed7f2096bfda50250bc43d284f93add126daa75b3481023dbd7131697bfabef
W-P100,ecash,tx,152d638d3a3c9cf4d8f5cf9f8b2814b0301b834593f8f8028452fe8dc1212cf0,"Peg-out from Bitcoin Principles paying 18,058 sats to W-A1",third-party,Fedimint peg-out (signed by the federation; the recipient chooses the address),2026-09-28T19:38:38Z,aecd2ce360f707fbd73b3f721abcc15c0aee638e,2026-09-10T06:26:22Z,,https://mempool.space/tx/152d638d3a3c9cf4d8f5cf9f8b2814b0301b834593f8f8028452fe8dc1212cf0
W-P101,ecash,tx,1738ce0878564aa13829e2cc3fbdbfe1faaa498843e3bd820a1d210d768ec9a2,"Peg-out from an unlisted federation paying 22,246 sats to W-A1",third-party,Fedimint peg-out (signed by the federation; the recipient chooses the address),2026-09-28T19:38:38Z,aecd2ce360f707fbd73b3f721abcc15c0aee638e,2026-09-10T06:26:22Z,,https://mempool.space/tx/1738ce0878564aa13829e2cc3fbdbfe1faaa498843e3bd820a1d210d768ec9a2
W-P102,ecash,tx,19b5dcef9afbf1f8c6e176d16861eef00369da09c340432d8f68e65d80d589ba,"Peg-out from Liberty Tree Network paying 19,690 sats to W-A1",third-party,Fedimint peg-out (signed by the federation; the recipient chooses the address),2026-09-28T19:38:38Z,aecd2ce360f707fbd73b3f721abcc15c0aee638e,2026-09-10T06:26:22Z,,https://mempool.space/tx/19b5dcef9afbf1f8c6e176d16861eef00369da09c340432d8f68e65d80d589ba
W-P103,ecash,tx,1dee4dee6cdd01d707ae4fe718921572eb593679fc13589703f0920c11d16037,"Peg-out from Island Bitcoin Community paying 22,246 sats to W-A1",third-party,Fedimint peg-out (signed by the federation; the recipient chooses the address),2026-09-28T19:38:38Z,aecd2ce360f707fbd73b3f721abcc15c0aee638e,2026-09-10T06:26:22Z,,https://mempool.space/tx/1dee4dee6cdd01d707ae4fe718921572eb593679fc13589703f0920c11d16037
W-P104,ecash,tx,279f4d9cdf511817a9be41243f74fe710095a20e910a35f0a73f0b884be3c09f,"Peg-out from Alianza BTC paying 22,246 sats to W-A1",third-party,Fedimint peg-out (signed by the federation; the recipient chooses the address),2026-09-28T19:38:38Z,aecd2ce360f707fbd73b3f721abcc15c0aee638e,2026-09-10T06:26:22Z,,https://mempool.space/tx/279f4d9cdf511817a9be41243f74fe710095a20e910a35f0a73f0b884be3c09f
W-P105,ecash,tx,2f45d438082a100cc4da6fc779cd97fd9454b4ed7204144bb595402fa6080ced,"Peg-out from an unlisted federation paying 22,246 sats to W-A1",third-party,Fedimint peg-out (signed by the federation; the recipient chooses the address),2026-09-28T19:38:38Z,aecd2ce360f707fbd73b3f721abcc15c0aee638e,2026-09-10T06:26:22Z,,https://mempool.space/tx/2f45d438082a100cc4da6fc779cd97fd9454b4ed7204144bb595402fa6080ced
W-P106,ecash,tx,31f87c58c3dd5928cbf9c061079207fc94f050e22895d961fdcd3e770b6d88d4,"Peg-out from an unlisted federation paying 22,242 sats to W-A1",third-party,Fedimint peg-out (signed by the federation; the recipient chooses the address),2026-09-28T19:38:38Z,aecd2ce360f707fbd73b3f721abcc15c0aee638e,2026-09-10T06:26:22Z,,https://mempool.space/tx/31f87c58c3dd5928cbf9c061079207fc94f050e22895d961fdcd3e770b6d88d4
W-P107,ecash,tx,3e592b955b51e4cf9d60563c4eab893025b5330b1b1bf12f8f4963b950ffeabc,"Peg-out from an unlisted federation paying 22,212 sats to W-A1",third-party,Fedimint peg-out (signed by the federation; the recipient chooses the address),2026-09-28T19:38:38Z,aecd2ce360f707fbd73b3f721abcc15c0aee638e,2026-09-10T06:26:22Z,,https://mempool.space/tx/3e592b955b51e4cf9d60563c4eab893025b5330b1b1bf12f8f4963b950ffeabc
W-P108,ecash,tx,3e70f09e26686089802d16c4bcc56435fad2a6e56fd0ebab0f59d67e25fe1a4a,"Peg-out from an unlisted federation paying 21,958 sats to W-A1",third-party,Fedimint peg-out (signed by the federation; the recipient chooses the address),2026-09-28T19:38:38Z,aecd2ce360f707fbd73b3f721abcc15c0aee638e,2026-09-10T06:26:22Z,,https://mempool.space/tx/3e70f09e26686089802d16c4bcc56435fad2a6e56fd0ebab0f59d67e25fe1a4a
W-P109,ecash,tx,3f6a95125df852a6189c64c7e0dd117029038970cbba8f1bb36c36760c531bce,"Peg-out from an unlisted federation paying 22,246 sats to W-A1",third-party,Fedimint peg-out (signed by the federation; the recipient chooses the address),2026-09-28T19:38:38Z,aecd2ce360f707fbd73b3f721abcc15c0aee638e,2026-09-10T06:26:22Z,,https://mempool.space/tx/3f6a95125df852a6189c64c7e0dd117029038970cbba8f1bb36c36760c531bce
W-P110,ecash,tx,48e68f84612237ab9b86e76aa3486a36f010207c79d5c07479392f5d3fc658ee,"Peg-out from an unlisted federation paying 22,529 sats to W-A1",third-party,Fedimint peg-out (signed by the federation; the recipient chooses the address),2026-09-28T19:38:38Z,aecd2ce360f707fbd73b3f721abcc15c0aee638e,2026-09-10T06:26:22Z,,https://mempool.space/tx/48e68f84612237ab9b86e76aa3486a36f010207c79d5c07479392f5d3fc658ee
W-P111,ecash,tx,4991a0e2a0226dc404d8813827cdb88798a563bb1cecb8b69be4c044024f278c,"Peg-out from an unlisted federation paying 21,025 sats to W-A1",third-party,Fedimint peg-out (signed by the federation; the recipient chooses the address),2026-09-28T19:38:38Z,aecd2ce360f707fbd73b3f721abcc15c0aee638e,2026-09-10T06:26:22Z,,https://mempool.space/tx/4991a0e2a0226dc404d8813827cdb88798a563bb1cecb8b69be4c044024f278c
W-P112,ecash,tx,4ad53f6132abd3739091d5279f8426b61221094fef1d465035d88ecef29c101a,"Peg-out from an unlisted federation paying 22,246 sats to W-A1",third-party,Fedimint peg-out (signed by the federation; the recipient chooses the address),2026-09-28T19:38:38Z,aecd2ce360f707fbd73b3f721abcc15c0aee638e,2026-09-10T06:26:22Z,,https://mempool.space/tx/4ad53f6132abd3739091d5279f8426b61221094fef1d465035d88ecef29c101a
W-P113,ecash,tx,4b3a8b6dffddac5a9a3b96102bba7a126b880d32fe13ffcc3157f87f892cb227,"Peg-out from an unlisted federation paying 20,826 sats to W-A1",third-party,Fedimint peg-out (signed by the federation; the recipient chooses the address),2026-09-28T19:38:38Z,aecd2ce360f707fbd73b3f721abcc15c0aee638e,2026-09-10T06:26:22Z,,https://mempool.space/tx/4b3a8b6dffddac5a9a3b96102bba7a126b880d32fe13ffcc3157f87f892cb227
W-P114,ecash,tx,4d7402e431e2f07ffcda12ee019c031860635ba5b622621d7921656d0b4933f7,"Peg-out from an unlisted federation paying 22,246 sats to W-A1",third-party,Fedimint peg-out (signed by the federation; the recipient chooses the address),2026-09-28T19:38:38Z,aecd2ce360f707fbd73b3f721abcc15c0aee638e,2026-09-10T06:26:22Z,,https://mempool.space/tx/4d7402e431e2f07ffcda12ee019c031860635ba5b622621d7921656d0b4933f7
W-P115,ecash,tx,4e23f664ce856b055b1ab08069a8120738133debbc83a72f635ea4ce981458d2,"Peg-out from an unlisted federation paying 22,246 sats to W-A1",third-party,Fedimint peg-out (signed by the federation; the recipient chooses the address),2026-09-28T19:38:38Z,aecd2ce360f707fbd73b3f721abcc15c0aee638e,2026-09-10T06:26:22Z,,https://mempool.space/tx/4e23f664ce856b055b1ab08069a8120738133debbc83a72f635ea4ce981458d2
W-P116,ecash,tx,4f440b6f0b631ed9c28992bbd7051786d463a75f987c5f1025534a92be172dbf,"Peg-out from an unlisted federation paying 22,212 sats to W-A1",third-party,Fedimint peg-out (signed by the federation; the recipient chooses the address),2026-09-28T19:38:38Z,aecd2ce360f707fbd73b3f721abcc15c0aee638e,2026-09-10T06:26:22Z,,https://mempool.space/tx/4f440b6f0b631ed9c28992bbd7051786d463a75f987c5f1025534a92be172dbf
W-P117,ecash,tx,535a29831d032e5cba7e94d00ff190379573687222040c25b2721573aa901dfe,"Peg-out from an unlisted federation paying 21,913 sats to W-A1",third-party,Fedimint peg-out (signed by the federation; the recipient chooses the address),2026-09-28T19:38:38Z,aecd2ce360f707fbd73b3f721abcc15c0aee638e,2026-09-10T06:26:22Z,,https://mempool.space/tx/535a29831d032e5cba7e94d00ff190379573687222040c25b2721573aa901dfe
W-P118,ecash,tx,5cc2c7906b7abf2a7fb448e41fb1cf4104522b5054ea82d4d94487555d2622c2,"Peg-out from Freedom One paying 22,246 sats to W-A1",third-party,Fedimint peg-out (signed by the federation; the recipient chooses the address),2026-09-28T19:38:38Z,aecd2ce360f707fbd73b3f721abcc15c0aee638e,2026-09-10T06:26:22Z,,https://mempool.space/tx/5cc2c7906b7abf2a7fb448e41fb1cf4104522b5054ea82d4d94487555d2622c2
W-P119,ecash,tx,6207ffa3776b27144fa2af2347881556328c291ae7174534a4c5f2a3827c462b,"Peg-out from an unlisted federation paying 22,246 sats to W-A1",third-party,Fedimint peg-out (signed by the federation; the recipient chooses the address),2026-09-28T19:38:38Z,aecd2ce360f707fbd73b3f721abcc15c0aee638e,2026-09-10T06:26:22Z,,https://mempool.space/tx/6207ffa3776b27144fa2af2347881556328c291ae7174534a4c5f2a3827c462b
W-P120,ecash,tx,6489d96b6a167ab41e9b3df79871e2d7fb56ff763baa5b34949190f224815fff,"Peg-out from an unlisted federation paying 22,529 sats to W-A1",third-party,Fedimint peg-out (signed by the federation; the recipient chooses the address),2026-09-28T19:38:38Z,aecd2ce360f707fbd73b3f721abcc15c0aee638e,2026-09-10T06:26:22Z,,https://mempool.space/tx/6489d96b6a167ab41e9b3df79871e2d7fb56ff763baa5b34949190f224815fff
W-P121,ecash,tx,6a56e539bfbcc88685fc892ecacbe62870ce6ae8ccf5c1808dcc72ae46f9372e,"Peg-out from an unlisted federation paying 22,241 sats to W-A1",third-party,Fedimint peg-out (signed by the federation; the recipient chooses the address),2026-09-28T19:38:38Z,aecd2ce360f707fbd73b3f721abcc15c0aee638e,2026-09-10T06:26:22Z,,https://mempool.space/tx/6a56e539bfbcc88685fc892ecacbe62870ce6ae8ccf5c1808dcc72ae46f9372e
W-P122,ecash,tx,6cda87312cec3245de3e0422c454043a016e739af816ec2dde58f85be88c1594,"Peg-out from an unlisted federation paying 21,913 sats to W-A1",third-party,Fedimint peg-out (signed by the federation; the recipient chooses the address),2026-09-28T19:38:38Z,aecd2ce360f707fbd73b3f721abcc15c0aee638e,2026-09-10T06:26:22Z,,https://mempool.space/tx/6cda87312cec3245de3e0422c454043a016e739af816ec2dde58f85be88c1594
W-P123,ecash,tx,6e8d82834868d2f09aa3bcd3d9278c821d4c943749d07e4283cdc28828a42e2c,"Peg-out from an unlisted federation paying 22,243 sats to W-A1",third-party,Fedimint peg-out (signed by the federation; the recipient chooses the address),2026-09-28T19:38:38Z,aecd2ce360f707fbd73b3f721abcc15c0aee638e,2026-09-10T06:26:22Z,,https://mempool.space/tx/6e8d82834868d2f09aa3bcd3d9278c821d4c943749d07e4283cdc28828a42e2c
W-P124,ecash,tx,6f05b57448d06b66e2085fb5f09a1c3a8a762a122c34f8287165cdb68e649805,"Peg-out from an unlisted federation paying 20,259 sats to W-A1",third-party,Fedimint peg-out (signed by the federation; the recipient chooses the address),2026-09-28T19:38:38Z,aecd2ce360f707fbd73b3f721abcc15c0aee638e,2026-09-10T06:26:22Z,,https://mempool.space/tx/6f05b57448d06b66e2085fb5f09a1c3a8a762a122c34f8287165cdb68e649805
W-P125,ecash,tx,6f78847a0a3e196c2254181e697f77aa515d547165334a90434dfd9e0a7fbd80,"Peg-out from an unlisted federation paying 22,242 sats to W-A1",third-party,Fedimint peg-out (signed by the federation; the recipient chooses the address),2026-09-28T19:38:38Z,aecd2ce360f707fbd73b3f721abcc15c0aee638e,2026-09-10T06:26:22Z,,https://mempool.space/tx/6f78847a0a3e196c2254181e697f77aa515d547165334a90434dfd9e0a7fbd80
W-P126,ecash,tx,7100b9a853a40a7e6064bd133d574f50b3dc7cce109e381341b507307d46e2a4,"Peg-out from an unlisted federation paying 22,526 sats to W-A1",third-party,Fedimint peg-out (signed by the federation; the recipient chooses the address),2026-09-28T19:38:38Z,aecd2ce360f707fbd73b3f721abcc15c0aee638e,2026-09-10T06:26:22Z,,https://mempool.space/tx/7100b9a853a40a7e6064bd133d574f50b3dc7cce109e381341b507307d46e2a4
W-P127,ecash,tx,71957b771d722199a1f4d4a072a4629fb6b9f50750e0f83adc923b94ce4e6dc3,"Peg-out from an unlisted federation paying 22,212 sats to W-A1",third-party,Fedimint peg-out (signed by the federation; the recipient chooses the address),2026-09-28T19:38:38Z,aecd2ce360f707fbd73b3f721abcc15c0aee638e,2026-09-10T06:26:22Z,,https://mempool.space/tx/71957b771d722199a1f4d4a072a4629fb6b9f50750e0f83adc923b94ce4e6dc3
W-P128,ecash,tx,719da02bebeed7932c925f0baba78214f375dfed2864896c9d61699692a2c76e,"Peg-out from an unlisted federation paying 22,529 sats to W-A1",third-party,Fedimint peg-out (signed by the federation; the recipient chooses the address),2026-09-28T19:38:38Z,aecd2ce360f707fbd73b3f721abcc15c0aee638e,2026-09-10T06:26:22Z,,https://mempool.space/tx/719da02bebeed7932c925f0baba78214f375dfed2864896c9d61699692a2c76e
W-P129,ecash,tx,763690b50c18deccca60817387b63e371e20bbea9a29e68541ba8a2ea06b1449,"Peg-out from Bitcoinomad paying 21,961 sats to W-A1",third-party,Fedimint peg-out (signed by the federation; the recipient chooses the address),2026-09-28T19:38:38Z,aecd2ce360f707fbd73b3f721abcc15c0aee638e,2026-09-10T06:26:22Z,,https://mempool.space/tx/763690b50c18deccca60817387b63e371e20bbea9a29e68541ba8a2ea06b1449
W-P130,ecash,tx,8078d508ea42366e4ffd874bfe808a0af26e5628143736b5f66fd19fcdf3cdf2,"Peg-out from an unlisted federation paying 22,527 sats to W-A1",third-party,Fedimint peg-out (signed by the federation; the recipient chooses the address),2026-09-28T19:38:38Z,aecd2ce360f707fbd73b3f721abcc15c0aee638e,2026-09-10T06:26:22Z,,https://mempool.space/tx/8078d508ea42366e4ffd874bfe808a0af26e5628143736b5f66fd19fcdf3cdf2
W-P131,ecash,tx,876e299d99d5b2a720023f09cb83fe152fa6e11948c05ca58c0a67464199bdaf,"Peg-out from an unlisted federation paying 21,961 sats to W-A1",third-party,Fedimint peg-out (signed by the federation; the recipient chooses the address),2026-09-28T19:38:38Z,aecd2ce360f707fbd73b3f721abcc15c0aee638e,2026-09-10T06:26:22Z,,https://mempool.space/tx/876e299d99d5b2a720023f09cb83fe152fa6e11948c05ca58c0a67464199bdaf
W-P132,ecash,tx,8ecec9f2e67f5319c03da365e53ca8f8e22557cde4c095b3e3f56b12b6134f6f,"Peg-out from an unlisted federation paying 21,961 sats to W-A1",third-party,Fedimint peg-out (signed by the federation; the recipient chooses the address),2026-09-28T19:38:38Z,aecd2ce360f707fbd73b3f721abcc15c0aee638e,2026-09-10T06:26:22Z,,https://mempool.space/tx/8ecec9f2e67f5319c03da365e53ca8f8e22557cde4c095b3e3f56b12b6134f6f
W-P133,ecash,tx,924810f18172e2ea97dbcecc332337ec24c1fa507bbd7341585e9af30101c51d,"Peg-out from an unlisted federation paying 22,242 sats to W-A1",third-party,Fedimint peg-out (signed by the federation; the recipient chooses the address),2026-09-28T19:38:38Z,aecd2ce360f707fbd73b3f721abcc15c0aee638e,2026-09-10T06:26:22Z,,https://mempool.space/tx/924810f18172e2ea97dbcecc332337ec24c1fa507bbd7341585e9af30101c51d
W-P134,ecash,tx,9301bd089023701141863b6952e842f82608ee38153c5cbba27ba4e7b7565bfb,"Peg-out from BTC Brasil paying 22,529 sats to W-A1",third-party,Fedimint peg-out (signed by the federation; the recipient chooses the address),2026-09-28T19:38:38Z,aecd2ce360f707fbd73b3f721abcc15c0aee638e,2026-09-10T06:26:22Z,,https://mempool.space/tx/9301bd089023701141863b6952e842f82608ee38153c5cbba27ba4e7b7565bfb
W-P135,ecash,tx,a332cb142ba2b4dc1c2fc65eb7326c9159a568ceca8e897bb9fdc50ed490cbfb,"Peg-out from an unlisted federation paying 22,246 sats to W-A1",third-party,Fedimint peg-out (signed by the federation; the recipient chooses the address),2026-09-28T19:38:38Z,aecd2ce360f707fbd73b3f721abcc15c0aee638e,2026-09-10T06:26:22Z,,https://mempool.space/tx/a332cb142ba2b4dc1c2fc65eb7326c9159a568ceca8e897bb9fdc50ed490cbfb
W-P136,ecash,tx,a5e2c4b82042aed272a869033c405a29ce45cdc498a8de8c014913b506b86b39,"Peg-out from an unlisted federation paying 22,246 sats to W-A1",third-party,Fedimint peg-out (signed by the federation; the recipient chooses the address),2026-09-28T19:38:38Z,aecd2ce360f707fbd73b3f721abcc15c0aee638e,2026-09-10T06:26:22Z,,https://mempool.space/tx/a5e2c4b82042aed272a869033c405a29ce45cdc498a8de8c014913b506b86b39
W-P137,ecash,tx,b1fb38294dc17e40691dbfa7066bc509814f22786bd623e15d2af25079615824,"Peg-out from an unlisted federation paying 22,212 sats to W-A1",third-party,Fedimint peg-out (signed by the federation; the recipient chooses the address),2026-09-28T19:38:38Z,aecd2ce360f707fbd73b3f721abcc15c0aee638e,2026-09-10T06:26:22Z,,https://mempool.space/tx/b1fb38294dc17e40691dbfa7066bc509814f22786bd623e15d2af25079615824
W-P138,ecash,tx,b2ce00799f7a2c0ecd40c256e3bdcf2c2ad5eea0ae851ba6958c565fbf6b8c9c,"Peg-out from an unlisted federation paying 22,243 sats to W-A1",third-party,Fedimint peg-out (signed by the federation; the recipient chooses the address),2026-09-28T19:38:38Z,aecd2ce360f707fbd73b3f721abcc15c0aee638e,2026-09-10T06:26:22Z,,https://mempool.space/tx/b2ce00799f7a2c0ecd40c256e3bdcf2c2ad5eea0ae851ba6958c565fbf6b8c9c
W-P139,ecash,tx,baa50849bb7c36037fa647d332dca5a6c4d2d5fbeba98723f369b832b8f62664,"Peg-out from an unlisted federation paying 22,529 sats to W-A1",third-party,Fedimint peg-out (signed by the federation; the recipient chooses the address),2026-09-28T19:38:38Z,aecd2ce360f707fbd73b3f721abcc15c0aee638e,2026-09-10T06:26:22Z,,https://mempool.space/tx/baa50849bb7c36037fa647d332dca5a6c4d2d5fbeba98723f369b832b8f62664
W-P140,ecash,tx,bcf43daa3eaf5d734f3f95fa0c82004657c7b06e42369f0f5ea93fb8602b0963,"Peg-out from an unlisted federation paying 22,243 sats to W-A1",third-party,Fedimint peg-out (signed by the federation; the recipient chooses the address),2026-09-28T19:38:38Z,aecd2ce360f707fbd73b3f721abcc15c0aee638e,2026-09-10T06:26:22Z,,https://mempool.space/tx/bcf43daa3eaf5d734f3f95fa0c82004657c7b06e42369f0f5ea93fb8602b0963
W-P141,ecash,tx,c81e9965c008c78b85cc6c27cb31f4e821dbe861dbca777600d2c42c7bb17558,"Peg-out from an unlisted federation paying 22,246 sats to W-A1",third-party,Fedimint peg-out (signed by the federation; the recipient chooses the address),2026-09-28T19:38:38Z,aecd2ce360f707fbd73b3f721abcc15c0aee638e,2026-09-10T06:26:22Z,,https://mempool.space/tx/c81e9965c008c78b85cc6c27cb31f4e821dbe861dbca777600d2c42c7bb17558
W-P142,ecash,tx,c91e51c312a752505c3a8b564af7f351421cd34604c454d7788e3f08600037ab,"Peg-out from an unlisted federation paying 21,057 sats to W-A1",third-party,Fedimint peg-out (signed by the federation; the recipient chooses the address),2026-09-28T19:38:38Z,aecd2ce360f707fbd73b3f721abcc15c0aee638e,2026-09-10T06:26:22Z,,https://mempool.space/tx/c91e51c312a752505c3a8b564af7f351421cd34604c454d7788e3f08600037ab
W-P143,ecash,tx,d4bfbe07953d8777e4913ede00541fff425b1800a7cc69336f986b970f16743b,"Peg-out from an unlisted federation paying 21,961 sats to W-A1",third-party,Fedimint peg-out (signed by the federation; the recipient chooses the address),2026-09-28T19:38:38Z,aecd2ce360f707fbd73b3f721abcc15c0aee638e,2026-09-10T06:26:22Z,,https://mempool.space/tx/d4bfbe07953d8777e4913ede00541fff425b1800a7cc69336f986b970f16743b
W-P144,ecash,tx,d53993ffa32e432e6a8ecfe25e78f586fefe753c338b4744087a6af0b01a3de6,"Peg-out from Global Bitcoin Federation paying 21,394 sats to W-A1",third-party,Fedimint peg-out (signed by the federation; the recipient chooses the address),2026-09-28T19:38:38Z,aecd2ce360f707fbd73b3f721abcc15c0aee638e,2026-09-10T06:26:22Z,,https://mempool.space/tx/d53993ffa32e432e6a8ecfe25e78f586fefe753c338b4744087a6af0b01a3de6
W-P145,ecash,tx,d6ec734d734c201bb3b8adfdbc708a993ae5d76208454cffedbfcc64dfc4c9df,"Peg-out from an unlisted federation paying 22,243 sats to W-A1",third-party,Fedimint peg-out (signed by the federation; the recipient chooses the address),2026-09-28T19:38:38Z,aecd2ce360f707fbd73b3f721abcc15c0aee638e,2026-09-10T06:26:22Z,,https://mempool.space/tx/d6ec734d734c201bb3b8adfdbc708a993ae5d76208454cffedbfcc64dfc4c9df
W-P146,ecash,tx,d99438d3f1e8ac69d4c83329f32645c903375c7026bf844779ae0e81e73fec1d,"Peg-out from an unlisted federation paying 22,246 sats to W-A1",third-party,Fedimint peg-out (signed by the federation; the recipient chooses the address),2026-09-28T19:38:38Z,aecd2ce360f707fbd73b3f721abcc15c0aee638e,2026-09-10T06:26:22Z,,https://mempool.space/tx/d99438d3f1e8ac69d4c83329f32645c903375c7026bf844779ae0e81e73fec1d
W-P147,ecash,tx,df201a29d5c398f4c0ccf13c58f2022e9d54fdd6bd8d6d9ec04cf900c108b071,"Peg-out from an unlisted federation paying 22,242 sats to W-A1",third-party,Fedimint peg-out (signed by the federation; the recipient chooses the address),2026-09-28T19:38:38Z,aecd2ce360f707fbd73b3f721abcc15c0aee638e,2026-09-10T06:26:22Z,,https://mempool.space/tx/df201a29d5c398f4c0ccf13c58f2022e9d54fdd6bd8d6d9ec04cf900c108b071
W-P148,ecash,tx,dfb4e6ad239ed3be5bc3dc75efb50e60f6c7677879fc0ab1846dc22dc32e6657,"Peg-out from an unlisted federation paying 22,242 sats to W-A1",third-party,Fedimint peg-out (signed by the federation; the recipient chooses the address),2026-09-28T19:38:38Z,aecd2ce360f707fbd73b3f721abcc15c0aee638e,2026-09-10T06:26:22Z,,https://mempool.space/tx/dfb4e6ad239ed3be5bc3dc75efb50e60f6c7677879fc0ab1846dc22dc32e6657
W-P149,ecash,tx,e256786a53a790a26060074d23dbd39bcd0db211a5d3374bb1157cd2f2a50540,"Peg-out from an unlisted federation paying 5,443,485 sats to W-A1",third-party,Fedimint peg-out (signed by the federation; the recipient chooses the address),2026-09-28T19:38:38Z,aecd2ce360f707fbd73b3f721abcc15c0aee638e,2026-09-10T06:26:22Z,,https://mempool.space/tx/e256786a53a790a26060074d23dbd39bcd0db211a5d3374bb1157cd2f2a50540
W-P150,ecash,tx,e399d270ab0474f71d1b0bdc4a139242b6557c2f188b78a6b3c33fd1ca4ec8f6,"Peg-out from an unlisted federation paying 22,246 sats to W-A1",third-party,Fedimint peg-out (signed by the federation; the recipient chooses the address),2026-09-28T19:38:38Z,aecd2ce360f707fbd73b3f721abcc15c0aee638e,2026-09-10T06:26:22Z,,https://mempool.space/tx/e399d270ab0474f71d1b0bdc4a139242b6557c2f188b78a6b3c33fd1ca4ec8f6
W-P151,ecash,tx,e78275c38fb25c9faf7a54f149f16ecf97aad8f1e1818431fc0baca3b3e43464,"Peg-out from LatNet paying 22,246 sats to W-A1",third-party,Fedimint peg-out (signed by the federation; the recipient chooses the address),2026-09-28T19:38:38Z,aecd2ce360f707fbd73b3f721abcc15c0aee638e,2026-09-10T06:26:22Z,,https://mempool.space/tx/e78275c38fb25c9faf7a54f149f16ecf97aad8f1e1818431fc0baca3b3e43464
W-P152,ecash,tx,f08dc4832ad972794036aa42ec1b26a0a963fc24d009e6941cf7b62acd2c5fbf,"Peg-out from an unlisted federation paying 22,246 sats to W-A1",third-party,Fedimint peg-out (signed by the federation; the recipient chooses the address),2026-09-28T19:38:38Z,aecd2ce360f707fbd73b3f721abcc15c0aee638e,2026-09-10T06:26:22Z,,https://mempool.space/tx/f08dc4832ad972794036aa42ec1b26a0a963fc24d009e6941cf7b62acd2c5fbf
W-P153,ecash,tx,fbbf4706af708a833e78962f0c5cbd9f6f83a85c172777473b93a6152e2b4656,"Peg-out from an unlisted federation paying 22,243 sats to W-A1",third-party,Fedimint peg-out (signed by the federation; the recipient chooses the address),2026-09-28T19:38:38Z,aecd2ce360f707fbd73b3f721abcc15c0aee638e,2026-09-10T06:26:22Z,,https://mempool.space/tx/fbbf4706af708a833e78962f0c5cbd9f6f83a85c172777473b93a6152e2b4656
W-P154,ecash,tx,0c168c6eb5ae1b0cb71475acdae7dabcca9cb9c479beee0f555ac0bb7d22606c,"Peg-out from Orange Club Africa paying 21,111 sats to W-A1",third-party,Fedimint peg-out (signed by the federation; the recipient chooses the address),2026-09-28T19:38:38Z,aecd2ce360f707fbd73b3f721abcc15c0aee638e,2026-09-10T06:27:35Z,,https://mempool.space/tx/0c168c6eb5ae1b0cb71475acdae7dabcca9cb9c479beee0f555ac0bb7d22606c
W-P155,ecash,tx,0cfe218242078540272c4e67ddf1c8761d6fedb9eed85f6393b617eedd3ea7a8,"Peg-out from an unlisted federation paying 22,246 sats to W-A1",third-party,Fedimint peg-out (signed by the federation; the recipient chooses the address),2026-09-28T19:38:38Z,aecd2ce360f707fbd73b3f721abcc15c0aee638e,2026-09-10T06:27:35Z,,https://mempool.space/tx/0cfe218242078540272c4e67ddf1c8761d6fedb9eed85f6393b617eedd3ea7a8
W-P156,ecash,tx,1d00d0a02dda136940cb651622c7c8a864ff4a17ffca3a4d50b86a2587dfcbe2,"Peg-out from an unlisted federation paying 22,529 sats to W-A1",third-party,Fedimint peg-out (signed by the federation; the recipient chooses the address),2026-09-28T19:38:38Z,aecd2ce360f707fbd73b3f721abcc15c0aee638e,2026-09-10T06:27:35Z,,https://mempool.space/tx/1d00d0a02dda136940cb651622c7c8a864ff4a17ffca3a4d50b86a2587dfcbe2
W-P157,ecash,tx,1d3fc4ac76b77a3e73df44967ee970d02de010bf284995676e499e3355ccddb0,"Peg-out from an unlisted federation paying 22,246 sats to W-A1",third-party,Fedimint peg-out (signed by the federation; the recipient chooses the address),2026-09-28T19:38:38Z,aecd2ce360f707fbd73b3f721abcc15c0aee638e,2026-09-10T06:27:35Z,,https://mempool.space/tx/1d3fc4ac76b77a3e73df44967ee970d02de010bf284995676e499e3355ccddb0
W-P158,ecash,tx,223e83337852daffe477278e56a3f233d6c23eb20f04fa0a8e79357159089610,"Peg-out from an unlisted federation paying 19,976 sats to W-A1",third-party,Fedimint peg-out (signed by the federation; the recipient chooses the address),2026-09-28T19:38:38Z,aecd2ce360f707fbd73b3f721abcc15c0aee638e,2026-09-10T06:27:35Z,,https://mempool.space/tx/223e83337852daffe477278e56a3f233d6c23eb20f04fa0a8e79357159089610
W-P159,ecash,tx,2b72895493ed85ee3ef32347e85d9355aeb93052353346e789c2eab8f9458f79,"Peg-out from an unlisted federation paying 22,246 sats to W-A1",third-party,Fedimint peg-out (signed by the federation; the recipient chooses the address),2026-09-28T19:38:38Z,aecd2ce360f707fbd73b3f721abcc15c0aee638e,2026-09-10T06:27:35Z,,https://mempool.space/tx/2b72895493ed85ee3ef32347e85d9355aeb93052353346e789c2eab8f9458f79
W-P160,ecash,tx,39f340cd92642773e1f071135622ba49c72c0290c5dfa3ef8f1c670b87a3d3b9,"Peg-out from Marigold Trust Network paying 22,246 sats to W-A1",third-party,Fedimint peg-out (signed by the federation; the recipient chooses the address),2026-09-28T19:38:38Z,aecd2ce360f707fbd73b3f721abcc15c0aee638e,2026-09-10T06:27:35Z,,https://mempool.space/tx/39f340cd92642773e1f071135622ba49c72c0290c5dfa3ef8f1c670b87a3d3b9
W-P161,ecash,tx,4f04123e0ecc76aa62ba593d535ef4744cb5c9cedd91ff2922ae6338ea003a9c,"Peg-out from an unlisted federation paying 22,242 sats to W-A1",third-party,Fedimint peg-out (signed by the federation; the recipient chooses the address),2026-09-28T19:38:38Z,aecd2ce360f707fbd73b3f721abcc15c0aee638e,2026-09-10T06:27:35Z,,https://mempool.space/tx/4f04123e0ecc76aa62ba593d535ef4744cb5c9cedd91ff2922ae6338ea003a9c
W-P162,ecash,tx,57c2334896a8b2115fb3804066c3c091ca436842ca74817b376c365481aa0a59,"Peg-out from an unlisted federation paying 22,243 sats to W-A1",third-party,Fedimint peg-out (signed by the federation; the recipient chooses the address),2026-09-28T19:38:38Z,aecd2ce360f707fbd73b3f721abcc15c0aee638e,2026-09-10T06:27:35Z,,https://mempool.space/tx/57c2334896a8b2115fb3804066c3c091ca436842ca74817b376c365481aa0a59
W-P163,ecash,tx,6468f74dde776c037f20a6867738c4a321ac2120d53719f357f7d9eca394221f,"Peg-out from an unlisted federation paying 22,246 sats to W-A1",third-party,Fedimint peg-out (signed by the federation; the recipient chooses the address),2026-09-28T19:38:38Z,aecd2ce360f707fbd73b3f721abcc15c0aee638e,2026-09-10T06:27:35Z,,https://mempool.space/tx/6468f74dde776c037f20a6867738c4a321ac2120d53719f357f7d9eca394221f
W-P164,ecash,tx,69e7b7c67aa9ad96b5e1b02b5d9f641c0417c9366fcbecf73bde40618d7e6d22,"Peg-out from an unlisted federation paying 22,246 sats to W-A1",third-party,Fedimint peg-out (signed by the federation; the recipient chooses the address),2026-09-28T19:38:38Z,aecd2ce360f707fbd73b3f721abcc15c0aee638e,2026-09-10T06:27:35Z,,https://mempool.space/tx/69e7b7c67aa9ad96b5e1b02b5d9f641c0417c9366fcbecf73bde40618d7e6d22
W-P165,ecash,tx,6cbeb2769d3661fdb9c95a67259d34c7499ca770c21df640bada6d33f301ba7b,"Peg-out from an unlisted federation paying 22,243 sats to W-A1",third-party,Fedimint peg-out (signed by the federation; the recipient chooses the address),2026-09-28T19:38:38Z,aecd2ce360f707fbd73b3f721abcc15c0aee638e,2026-09-10T06:27:35Z,,https://mempool.space/tx/6cbeb2769d3661fdb9c95a67259d34c7499ca770c21df640bada6d33f301ba7b
W-P166,ecash,tx,6e316904cee632dd2e0edaf8e7209027acf549213bc3be6581697f09b3a98a26,"Peg-out from an unlisted federation paying 22,246 sats to W-A1",third-party,Fedimint peg-out (signed by the federation; the recipient chooses the address),2026-09-28T19:38:38Z,aecd2ce360f707fbd73b3f721abcc15c0aee638e,2026-09-10T06:27:35Z,,https://mempool.space/tx/6e316904cee632dd2e0edaf8e7209027acf549213bc3be6581697f09b3a98a26
W-P167,ecash,tx,838671baf5edcbb57efb1b968b47dbdf088becd2fe22f51aba03eac3768b341e,"Peg-out from an unlisted federation paying 22,243 sats to W-A1",third-party,Fedimint peg-out (signed by the federation; the recipient chooses the address),2026-09-28T19:38:38Z,aecd2ce360f707fbd73b3f721abcc15c0aee638e,2026-09-10T06:27:35Z,,https://mempool.space/tx/838671baf5edcbb57efb1b968b47dbdf088becd2fe22f51aba03eac3768b341e
W-P168,ecash,tx,871c2db88a9f8599a0cca83ce733daf91de8b6ee91103c521c1c51c874936e1e,"Peg-out from an unlisted federation paying 22,243 sats to W-A1",third-party,Fedimint peg-out (signed by the federation; the recipient chooses the address),2026-09-28T19:38:38Z,aecd2ce360f707fbd73b3f721abcc15c0aee638e,2026-09-10T06:27:35Z,,https://mempool.space/tx/871c2db88a9f8599a0cca83ce733daf91de8b6ee91103c521c1c51c874936e1e
W-P169,ecash,tx,8fa9ccfcc2cdee140ae22d0fc1a625f9e8295da6b23710d3fc89f5e180683902,"Peg-out from an unlisted federation paying 22,243 sats to W-A1",third-party,Fedimint peg-out (signed by the federation; the recipient chooses the address),2026-09-28T19:38:38Z,aecd2ce360f707fbd73b3f721abcc15c0aee638e,2026-09-10T06:27:35Z,,https://mempool.space/tx/8fa9ccfcc2cdee140ae22d0fc1a625f9e8295da6b23710d3fc89f5e180683902
W-P170,ecash,tx,93157afaaa16f824727f9279f2c0ff529cf79c97b1d86f6a099f40cb89e1e3df,"Peg-out from an unlisted federation paying 22,246 sats to W-A1",third-party,Fedimint peg-out (signed by the federation; the recipient chooses the address),2026-09-28T19:38:38Z,aecd2ce360f707fbd73b3f721abcc15c0aee638e,2026-09-10T06:27:35Z,,https://mempool.space/tx/93157afaaa16f824727f9279f2c0ff529cf79c97b1d86f6a099f40cb89e1e3df
W-P171,ecash,tx,971fe4ea141291102fcbd5563dcc9472657d8a8a38f966915956f2e39d8ed365,"Peg-out from an unlisted federation paying 22,529 sats to W-A1",third-party,Fedimint peg-out (signed by the federation; the recipient chooses the address),2026-09-28T19:38:38Z,aecd2ce360f707fbd73b3f721abcc15c0aee638e,2026-09-10T06:27:35Z,,https://mempool.space/tx/971fe4ea141291102fcbd5563dcc9472657d8a8a38f966915956f2e39d8ed365
W-P172,ecash,tx,abc4babb25fdafa01db4a1a4b32d56abea22a085885ec436166385d103152fd3,"Peg-out from an unlisted federation paying 22,243 sats to W-A1",third-party,Fedimint peg-out (signed by the federation; the recipient chooses the address),2026-09-28T19:38:38Z,aecd2ce360f707fbd73b3f721abcc15c0aee638e,2026-09-10T06:27:35Z,,https://mempool.space/tx/abc4babb25fdafa01db4a1a4b32d56abea22a085885ec436166385d103152fd3
W-P173,ecash,tx,ac10d59b38fb69b2c34cc29ef2ff9317404030ef784b29bf49b4c5d6f607ce53,"Peg-out from an unlisted federation paying 22,529 sats to W-A1",third-party,Fedimint peg-out (signed by the federation; the recipient chooses the address),2026-09-28T19:38:38Z,aecd2ce360f707fbd73b3f721abcc15c0aee638e,2026-09-10T06:27:35Z,,https://mempool.space/tx/ac10d59b38fb69b2c34cc29ef2ff9317404030ef784b29bf49b4c5d6f607ce53
W-P174,ecash,tx,b8faf1a598f0fc9aa043ac4eae2b0d03dd64749008fee95f2c9eef95251f5029,"Peg-out from an unlisted federation paying 21,617 sats to W-A1",third-party,Fedimint peg-out (signed by the federation; the recipient chooses the address),2026-09-28T19:38:38Z,aecd2ce360f707fbd73b3f721abcc15c0aee638e,2026-09-10T06:27:35Z,,https://mempool.space/tx/b8faf1a598f0fc9aa043ac4eae2b0d03dd64749008fee95f2c9eef95251f5029
W-P175,ecash,tx,bf06096e191fccfb1fb52dd899742591b5a3a1e90a1989a87b2856530f8517cc,"Peg-out from an unlisted federation paying 22,243 sats to W-A1",third-party,Fedimint peg-out (signed by the federation; the recipient chooses the address),2026-09-28T19:38:38Z,aecd2ce360f707fbd73b3f721abcc15c0aee638e,2026-09-10T06:27:35Z,,https://mempool.space/tx/bf06096e191fccfb1fb52dd899742591b5a3a1e90a1989a87b2856530f8517cc
W-P176,ecash,tx,c1c9a20f9adac239ea68ff1aaa580d569236d8e912cbc8e2717f2009e0dbf6ca,"Peg-out from an unlisted federation paying 22,246 sats to W-A1",third-party,Fedimint peg-out (signed by the federation; the recipient chooses the address),2026-09-28T19:38:38Z,aecd2ce360f707fbd73b3f721abcc15c0aee638e,2026-09-10T06:27:35Z,,https://mempool.space/tx/c1c9a20f9adac239ea68ff1aaa580d569236d8e912cbc8e2717f2009e0dbf6ca
W-P177,ecash,tx,d1e641c49b8a1d68aefbfbbd01e878080e2e281f82aa6e6933e61983b62612fc,"Peg-out from an unlisted federation paying 22,246 sats to W-A1",third-party,Fedimint peg-out (signed by the federation; the recipient chooses the address),2026-09-28T19:38:38Z,aecd2ce360f707fbd73b3f721abcc15c0aee638e,2026-09-10T06:27:35Z,,https://mempool.space/tx/d1e641c49b8a1d68aefbfbbd01e878080e2e281f82aa6e6933e61983b62612fc
W-P178,ecash,tx,dce1cd56eacc8d0dd2ef6df5e9d1d563f2b71df379fd5065e2194249d01b9ce6,"Peg-out from an unlisted federation paying 22,246 sats to W-A1",third-party,Fedimint peg-out (signed by the federation; the recipient chooses the address),2026-09-28T19:38:38Z,aecd2ce360f707fbd73b3f721abcc15c0aee638e,2026-09-10T06:27:35Z,,https://mempool.space/tx/dce1cd56eacc8d0dd2ef6df5e9d1d563f2b71df379fd5065e2194249d01b9ce6
W-P179,ecash,tx,f511f2230ed59ed7d6d2940adfc63eb2040bb1667140461e45fd6ffe44e292b9,"Peg-out from E-Cash Club paying 8,704,980 sats to W-A1",third-party,Fedimint peg-out (signed by the federation; the recipient chooses the address),2026-09-28T19:38:38Z,aecd2ce360f707fbd73b3f721abcc15c0aee638e,2026-09-10T06:27:35Z,,https://mempool.space/tx/f511f2230ed59ed7d6d2940adfc63eb2040bb1667140461e45fd6ffe44e292b9
W-P180,ecash,tx,ff79cebc5e4b7d716fd7cc62ef211c8e4a906daa1ebbd34342c81f3250657ad2,"Peg-out from an unlisted federation paying 21,111 sats to W-A1",third-party,Fedimint peg-out (signed by the federation; the recipient chooses the address),2026-09-28T19:38:38Z,aecd2ce360f707fbd73b3f721abcc15c0aee638e,2026-09-10T06:27:35Z,,https://mempool.space/tx/ff79cebc5e4b7d716fd7cc62ef211c8e4a906daa1ebbd34342c81f3250657ad2
W-P181,ecash,tx,1bfd2a97aca194001a243147f2980ade72be624aaf8bade99a320ef164065671,"Peg-out from an unlisted federation paying 543,281 sats to W-A1",third-party,Fedimint peg-out (signed by the federation; the recipient chooses the address),2026-09-28T19:38:38Z,aecd2ce360f707fbd73b3f721abcc15c0aee638e,2026-09-10T06:55:30Z,,https://mempool.space/tx/1bfd2a97aca194001a243147f2980ade72be624aaf8bade99a320ef164065671
W-P182,ecash,tx,1edf608615f1c12248a2ac473d54cd9a452cf90cd95b2c82ba4ab8a73b75ac27,"Peg-out from Freedom One paying 406,491 sats to W-A1",third-party,Fedimint peg-out (signed by the federation; the recipient chooses the address),2026-09-28T19:38:38Z,aecd2ce360f707fbd73b3f721abcc15c0aee638e,2026-09-10T06:55:30Z,,https://mempool.space/tx/1edf608615f1c12248a2ac473d54cd9a452cf90cd95b2c82ba4ab8a73b75ac27
W-P183,ecash,tx,2b01e552b6f7d9d814e4066486fdb1a4f72788ef7bcc65eace8644c5088c25fd,"Peg-out from an unlisted federation paying 465,683 sats to W-A1",third-party,Fedimint peg-out (signed by the federation; the recipient chooses the address),2026-09-28T19:38:38Z,aecd2ce360f707fbd73b3f721abcc15c0aee638e,2026-09-10T06:55:30Z,,https://mempool.space/tx/2b01e552b6f7d9d814e4066486fdb1a4f72788ef7bcc65eace8644c5088c25fd
W-P184,ecash,tx,3eb600478134a9e4260e5b8355bccc232c1905044aa02b49f646523505dec508,"Peg-out from an unlisted federation paying 911,584 sats to W-A1",third-party,Fedimint peg-out (signed by the federation; the recipient chooses the address),2026-09-28T19:38:38Z,aecd2ce360f707fbd73b3f721abcc15c0aee638e,2026-09-10T06:55:30Z,,https://mempool.space/tx/3eb600478134a9e4260e5b8355bccc232c1905044aa02b49f646523505dec508
W-P185,ecash,tx,407ec473dab3206398633475ef8889799d5843c5a42be3e04ee667836bd41bb6,"Peg-out from an unlisted federation paying 1,279,754 sats to W-A1",third-party,Fedimint peg-out (signed by the federation; the recipient chooses the address),2026-09-28T19:38:38Z,aecd2ce360f707fbd73b3f721abcc15c0aee638e,2026-09-10T06:55:30Z,,https://mempool.space/tx/407ec473dab3206398633475ef8889799d5843c5a42be3e04ee667836bd41bb6
W-P186,ecash,tx,49e86d83ff11e26d80667f7f5935fb77532caac3e102b1b56b738ec943ae718a,"Peg-out from an unlisted federation paying 426,408 sats to W-A1",third-party,Fedimint peg-out (signed by the federation; the recipient chooses the address),2026-09-28T19:38:38Z,aecd2ce360f707fbd73b3f721abcc15c0aee638e,2026-09-10T06:55:30Z,,https://mempool.space/tx/49e86d83ff11e26d80667f7f5935fb77532caac3e102b1b56b738ec943ae718a
W-P187,ecash,tx,4ea21f8d1431ae86d033657b0f7d3309d961efab8906145cafd0afa12a204945,"Peg-out from an unlisted federation paying 665,308 sats to W-A1",third-party,Fedimint peg-out (signed by the federation; the recipient chooses the address),2026-09-28T19:38:38Z,aecd2ce360f707fbd73b3f721abcc15c0aee638e,2026-09-10T06:55:30Z,,https://mempool.space/tx/4ea21f8d1431ae86d033657b0f7d3309d961efab8906145cafd0afa12a204945
W-P188,ecash,tx,59f478ae7a104e844ca42040648446c3b258539e5f36798924ced7fbc770b935,"Peg-out from an unlisted federation paying 442,773 sats to W-A1",third-party,Fedimint peg-out (signed by the federation; the recipient chooses the address),2026-09-28T19:38:38Z,aecd2ce360f707fbd73b3f721abcc15c0aee638e,2026-09-10T06:55:30Z,,https://mempool.space/tx/59f478ae7a104e844ca42040648446c3b258539e5f36798924ced7fbc770b935
W-P189,ecash,tx,5aa2446646bff1f1f8e9004982748eed5caeaf57b7a4e79a10ab1a4ac4d81bf6,"Peg-out from an unlisted federation paying 1,118,557 sats to W-A1",third-party,Fedimint peg-out (signed by the federation; the recipient chooses the address),2026-09-28T19:38:38Z,aecd2ce360f707fbd73b3f721abcc15c0aee638e,2026-09-10T06:55:30Z,,https://mempool.space/tx/5aa2446646bff1f1f8e9004982748eed5caeaf57b7a4e79a10ab1a4ac4d81bf6
W-P190,ecash,tx,5ae3c34dae280a8054342ac3091b3a23500f3ed90cba65796e21f79762e64a7b,"Peg-out from Orange Club Africa paying 902,291 sats to W-A1",third-party,Fedimint peg-out (signed by the federation; the recipient chooses the address),2026-09-28T19:38:38Z,aecd2ce360f707fbd73b3f721abcc15c0aee638e,2026-09-10T06:55:30Z,,https://mempool.space/tx/5ae3c34dae280a8054342ac3091b3a23500f3ed90cba65796e21f79762e64a7b
W-P191,ecash,tx,5f453cb10289a8d3b124860d4217306034274371c3de6a03c9765393f682fc2b,"Peg-out from E-Cash Club paying 3,747,826 sats to W-A1",third-party,Fedimint peg-out (signed by the federation; the recipient chooses the address),2026-09-28T19:38:38Z,aecd2ce360f707fbd73b3f721abcc15c0aee638e,2026-09-10T06:55:30Z,,https://mempool.space/tx/5f453cb10289a8d3b124860d4217306034274371c3de6a03c9765393f682fc2b
W-P192,ecash,tx,60cd1243c07ad686a0af43a0980b6815527c0edcf6fb9e02ecec0afbbc50a666,"Peg-out from Bitcoin Principles paying 732,836 sats to W-A1",third-party,Fedimint peg-out (signed by the federation; the recipient chooses the address),2026-09-28T19:38:38Z,aecd2ce360f707fbd73b3f721abcc15c0aee638e,2026-09-10T06:55:30Z,,https://mempool.space/tx/60cd1243c07ad686a0af43a0980b6815527c0edcf6fb9e02ecec0afbbc50a666
W-P193,ecash,tx,65267ef531668548eed9025b037da3d7aca353707bf5887aa37c1e6136783e2c,"Peg-out from Marigold Trust Network paying 546,660 sats to W-A1",third-party,Fedimint peg-out (signed by the federation; the recipient chooses the address),2026-09-28T19:38:38Z,aecd2ce360f707fbd73b3f721abcc15c0aee638e,2026-09-10T06:55:30Z,,https://mempool.space/tx/65267ef531668548eed9025b037da3d7aca353707bf5887aa37c1e6136783e2c
W-P194,ecash,tx,6a770811dfbe1a3bb9c6231013d5dad0f77b6e4b9ba85af0f90e00d95633ece2,"Peg-out from an unlisted federation paying 555,850 sats to W-A1",third-party,Fedimint peg-out (signed by the federation; the recipient chooses the address),2026-09-28T19:38:38Z,aecd2ce360f707fbd73b3f721abcc15c0aee638e,2026-09-10T06:55:30Z,,https://mempool.space/tx/6a770811dfbe1a3bb9c6231013d5dad0f77b6e4b9ba85af0f90e00d95633ece2
W-P195,ecash,tx,6aaa80d48c8494300f58913d718b5ed9b844c011a2895bbbcb847bec107e971c,"Peg-out from an unlisted federation paying 10,826,388 sats to W-A1",third-party,Fedimint peg-out (signed by the federation; the recipient chooses the address),2026-09-28T19:38:38Z,aecd2ce360f707fbd73b3f721abcc15c0aee638e,2026-09-10T06:55:30Z,,https://mempool.space/tx/6aaa80d48c8494300f58913d718b5ed9b844c011a2895bbbcb847bec107e971c
W-P196,ecash,tx,6eb3b895bb32201bedf42aaf80fe888a19cd775be4e6069fcb14d3325df51d12,"Peg-out from an unlisted federation paying 381,849 sats to W-A1",third-party,Fedimint peg-out (signed by the federation; the recipient chooses the address),2026-09-28T19:38:38Z,aecd2ce360f707fbd73b3f721abcc15c0aee638e,2026-09-10T06:55:30Z,,https://mempool.space/tx/6eb3b895bb32201bedf42aaf80fe888a19cd775be4e6069fcb14d3325df51d12
W-P197,ecash,tx,812d26425c97468e27ee392e4af085ea1fef44e302e7342944f803728a8e9c2c,"Peg-out from an unlisted federation paying 2,487,508 sats to W-A1",third-party,Fedimint peg-out (signed by the federation; the recipient chooses the address),2026-09-28T19:38:38Z,aecd2ce360f707fbd73b3f721abcc15c0aee638e,2026-09-10T06:55:30Z,,https://mempool.space/tx/812d26425c97468e27ee392e4af085ea1fef44e302e7342944f803728a8e9c2c
W-P198,ecash,tx,835d6411c58f1d5605d2b4030fb3152a601284beec01c7adfd616e052def29ce,"Peg-out from an unlisted federation paying 591,564 sats to W-A1",third-party,Fedimint peg-out (signed by the federation; the recipient chooses the address),2026-09-28T19:38:38Z,aecd2ce360f707fbd73b3f721abcc15c0aee638e,2026-09-10T06:55:30Z,,https://mempool.space/tx/835d6411c58f1d5605d2b4030fb3152a601284beec01c7adfd616e052def29ce
W-P199,ecash,tx,84547727832643eabfd909744ec05c1d02ef301a5b7143e43ec53ef858e95cba,"Peg-out from an unlisted federation paying 461,177 sats to W-A1",third-party,Fedimint peg-out (signed by the federation; the recipient chooses the address),2026-09-28T19:38:38Z,aecd2ce360f707fbd73b3f721abcc15c0aee638e,2026-09-10T06:55:30Z,,https://mempool.space/tx/84547727832643eabfd909744ec05c1d02ef301a5b7143e43ec53ef858e95cba
W-P200,ecash,tx,8a7921904493042261b5dc21f1daa25c96aa575b5ac5445fb123a06d9f761776,"Peg-out from an unlisted federation paying 445,637 sats to W-A1",third-party,Fedimint peg-out (signed by the federation; the recipient chooses the address),2026-09-28T19:38:38Z,aecd2ce360f707fbd73b3f721abcc15c0aee638e,2026-09-10T06:55:30Z,,https://mempool.space/tx/8a7921904493042261b5dc21f1daa25c96aa575b5ac5445fb123a06d9f761776
W-P201,ecash,tx,92deaeb2b5c6f4a753e0c46c7f82a45adbebed90186057df0f8c56b70c45bf17,"Peg-out from an unlisted federation paying 463,736 sats to W-A1",third-party,Fedimint peg-out (signed by the federation; the recipient chooses the address),2026-09-28T19:38:38Z,aecd2ce360f707fbd73b3f721abcc15c0aee638e,2026-09-10T06:55:30Z,,https://mempool.space/tx/92deaeb2b5c6f4a753e0c46c7f82a45adbebed90186057df0f8c56b70c45bf17
W-P202,ecash,tx,9e8ff59753532a07b4bf3ac46fe47bc7ce77e71fd66a307c32db89f09739c47d,"Peg-out from LatNet paying 693,651 sats to W-A1",third-party,Fedimint peg-out (signed by the federation; the recipient chooses the address),2026-09-28T19:38:38Z,aecd2ce360f707fbd73b3f721abcc15c0aee638e,2026-09-10T06:55:30Z,,https://mempool.space/tx/9e8ff59753532a07b4bf3ac46fe47bc7ce77e71fd66a307c32db89f09739c47d
W-P203,ecash,tx,b3e4a8f70930b08f152c2a99e2925d1abfeb6dcaf8eec5e24139e1075d261246,"Peg-out from an unlisted federation paying 467,681 sats to W-A1",third-party,Fedimint peg-out (signed by the federation; the recipient chooses the address),2026-09-28T19:38:38Z,aecd2ce360f707fbd73b3f721abcc15c0aee638e,2026-09-10T06:55:30Z,,https://mempool.space/tx/b3e4a8f70930b08f152c2a99e2925d1abfeb6dcaf8eec5e24139e1075d261246
W-P204,ecash,tx,b568a0d2c1846763d18fb428fc7ab6e6a52f3116a1d14435f5c0e0df0caa8854,"Peg-out from Global Bitcoin Federation paying 1,098,951 sats to W-A1",third-party,Fedimint peg-out (signed by the federation; the recipient chooses the address),2026-09-28T19:38:38Z,aecd2ce360f707fbd73b3f721abcc15c0aee638e,2026-09-10T06:55:30Z,,https://mempool.space/tx/b568a0d2c1846763d18fb428fc7ab6e6a52f3116a1d14435f5c0e0df0caa8854
W-P205,ecash,tx,cb97c15d4b66ac71dae23ebc2098156aea7746dc07ccca822faa986fbdb55505,"Peg-out from an unlisted federation paying 1,490,116 sats to W-A1",third-party,Fedimint peg-out (signed by the federation; the recipient chooses the address),2026-09-28T19:38:38Z,aecd2ce360f707fbd73b3f721abcc15c0aee638e,2026-09-10T06:55:30Z,,https://mempool.space/tx/cb97c15d4b66ac71dae23ebc2098156aea7746dc07ccca822faa986fbdb55505
W-P206,ecash,tx,d41d943cb2841df527849f5f83b70c3f17685a04691a6caac999ab6033f3eafe,"Peg-out from an unlisted federation paying 539,267 sats to W-A1",third-party,Fedimint peg-out (signed by the federation; the recipient chooses the address),2026-09-28T19:38:38Z,aecd2ce360f707fbd73b3f721abcc15c0aee638e,2026-09-10T06:55:30Z,,https://mempool.space/tx/d41d943cb2841df527849f5f83b70c3f17685a04691a6caac999ab6033f3eafe
W-P207,ecash,tx,d430bd880280cedbca2ec09427444b8db63f29481f1d90ff6e4d20562ce38041,"Peg-out from an unlisted federation paying 593,892 sats to W-A1",third-party,Fedimint peg-out (signed by the federation; the recipient chooses the address),2026-09-28T19:38:38Z,aecd2ce360f707fbd73b3f721abcc15c0aee638e,2026-09-10T06:55:30Z,,https://mempool.space/tx/d430bd880280cedbca2ec09427444b8db63f29481f1d90ff6e4d20562ce38041
W-P208,ecash,tx,d4e7a00483ac217fd8746a0c65433f0c15c427a8b22891bf1f4b672c1a14a04d,"Peg-out from an unlisted federation paying 197,533 sats to W-A1",third-party,Fedimint peg-out (signed by the federation; the recipient chooses the address),2026-09-28T19:38:38Z,aecd2ce360f707fbd73b3f721abcc15c0aee638e,2026-09-10T06:55:30Z,,https://mempool.space/tx/d4e7a00483ac217fd8746a0c65433f0c15c427a8b22891bf1f4b672c1a14a04d
W-P209,ecash,tx,d756cf5d68fc9fd01467bcbe9d002c3781993e38e611f6f686660c7cc780f67f,"Peg-out from an unlisted federation paying 6,818,954 sats to W-A1",third-party,Fedimint peg-out (signed by the federation; the recipient chooses the address),2026-09-28T19:38:38Z,aecd2ce360f707fbd73b3f721abcc15c0aee638e,2026-09-10T06:55:30Z,,https://mempool.space/tx/d756cf5d68fc9fd01467bcbe9d002c3781993e38e611f6f686660c7cc780f67f
W-P210,ecash,tx,d86cd59bdf410ad6be45ac83194d4ceded01a34c2446ebcaf60debe8579e3143,"Peg-out from BTC Brasil paying 74,831 sats to W-A1",third-party,Fedimint peg-out (signed by the federation; the recipient chooses the address),2026-09-28T19:38:38Z,aecd2ce360f707fbd73b3f721abcc15c0aee638e,2026-09-10T06:55:30Z,,https://mempool.space/tx/d86cd59bdf410ad6be45ac83194d4ceded01a34c2446ebcaf60debe8579e3143
W-P211,ecash,tx,e00eac4ffd4faa9972f79ceec141905b4749ca2d20bbef7889fe35a8ea555455,"Peg-out from an unlisted federation paying 371,310 sats to W-A1",third-party,Fedimint peg-out (signed by the federation; the recipient chooses the address),2026-09-28T19:38:38Z,aecd2ce360f707fbd73b3f721abcc15c0aee638e,2026-09-10T06:55:30Z,,https://mempool.space/tx/e00eac4ffd4faa9972f79ceec141905b4749ca2d20bbef7889fe35a8ea555455
W-P212,ecash,tx,e29bc807d8cbc7c6d430b9b9d9352b754101e122504d94027973206fb3d2a8d5,"Peg-out from Liberty Tree Network paying 751,804 sats to W-A1",third-party,Fedimint peg-out (signed by the federation; the recipient chooses the address),2026-09-28T19:38:38Z,aecd2ce360f707fbd73b3f721abcc15c0aee638e,2026-09-10T06:55:30Z,,https://mempool.space/tx/e29bc807d8cbc7c6d430b9b9d9352b754101e122504d94027973206fb3d2a8d5
W-P213,ecash,tx,e65a0225f7413fc79ba8e2223264bf65e155c32cf5a878db7c0091a92d73b5ff,"Peg-out from an unlisted federation paying 1,795,442 sats to W-A1",third-party,Fedimint peg-out (signed by the federation; the recipient chooses the address),2026-09-28T19:38:38Z,aecd2ce360f707fbd73b3f721abcc15c0aee638e,2026-09-10T06:55:30Z,,https://mempool.space/tx/e65a0225f7413fc79ba8e2223264bf65e155c32cf5a878db7c0091a92d73b5ff
W-P214,ecash,tx,f4311c0f5cb09e258a63f47f60062d74998dc50eed6ad8b9c9ba84c3d239e0cb,"Peg-out from an unlisted federation paying 414,622 sats to W-A1",third-party,Fedimint peg-out (signed by the federation; the recipient chooses the address),2026-09-28T19:38:38Z,aecd2ce360f707fbd73b3f721abcc15c0aee638e,2026-09-10T06:55:30Z,,https://mempool.space/tx/f4311c0f5cb09e258a63f47f60062d74998dc50eed6ad8b9c9ba84c3d239e0cb
W-P215,ecash,tx,f8e9b2e51613545a865b52192fcb80632eae1b56d8f778ff49a69cb4f90e8ced,"Peg-out from an unlisted federation paying 401,868 sats to W-A1",third-party,Fedimint peg-out (signed by the federation; the recipient chooses the address),2026-09-28T19:38:38Z,aecd2ce360f707fbd73b3f721abcc15c0aee638e,2026-09-10T06:55:30Z,,https://mempool.space/tx/f8e9b2e51613545a865b52192fcb80632eae1b56d8f778ff49a69cb4f90e8ced
W-P216,ecash,tx,230d4172b5625c9207c6dd9a2fc1eef8e37e54053ceb5bf870d70d521e9e7cbb,"Peg-out from E-Cash Club paying 272,114 sats to W-A1",third-party,Fedimint peg-out (signed by the federation; the recipient chooses the address),2026-09-28T19:38:38Z,aecd2ce360f707fbd73b3f721abcc15c0aee638e,2026-09-10T07:08:27Z,,https://mempool.space/tx/230d4172b5625c9207c6dd9a2fc1eef8e37e54053ceb5bf870d70d521e9e7cbb
W-P217,ecash,tx,6ff15797f9e3acbcb8ff948a091de3731916cec5bf2041b813dff3075653b3b8,"Peg-out from School of Sats paying 13,146,875 sats to W-A1",third-party,Fedimint peg-out (signed by the federation; the recipient chooses the address),2026-09-28T19:38:38Z,aecd2ce360f707fbd73b3f721abcc15c0aee638e,2026-09-10T07:47:58Z,,https://mempool.space/tx/6ff15797f9e3acbcb8ff948a091de3731916cec5bf2041b813dff3075653b3b8
W-P218,ecash,tx,004f90fd5fa2e28f30f562235fd6c110227e2d43121eae0787be036d41682d5f,"Peg-out from Island Bitcoin Community paying 451,181 sats to W-A1",third-party,Fedimint peg-out (signed by the federation; the recipient chooses the address),2026-10-01T16:00:34Z,7b2d80bfab77c3de05b21277e11fb388ec7c92b0,2026-09-11T00:14:00Z,,https://mempool.space/tx/004f90fd5fa2e28f30f562235fd6c110227e2d43121eae0787be036d41682d5f
W-P219,ecash,tx,01596b746524fab5ab9396b4df75fa5217dfe4b871270ed03082e00c64e2afb8,"Peg-out from an unlisted federation paying 448,543 sats to W-A1",third-party,Fedimint peg-out (signed by the federation; the recipient chooses the address),2026-10-01T16:00:34Z,7b2d80bfab77c3de05b21277e11fb388ec7c92b0,2026-09-11T00:14:00Z,,https://mempool.space/tx/01596b746524fab5ab9396b4df75fa5217dfe4b871270ed03082e00c64e2afb8
W-P220,ecash,tx,03de825efdb26e03e7422e5e1b269d6ab2b0ad728f7a7150a6a58cb38d4a0acb,"Peg-out from an unlisted federation paying 332,776 sats to W-A1",third-party,Fedimint peg-out (signed by the federation; the recipient chooses the address),2026-10-01T16:00:34Z,7b2d80bfab77c3de05b21277e11fb388ec7c92b0,2026-09-11T00:14:00Z,,https://mempool.space/tx/03de825efdb26e03e7422e5e1b269d6ab2b0ad728f7a7150a6a58cb38d4a0acb
W-P221,ecash,tx,03f938686415a9e91eceac67e4bebfd86c86c67055ce6bdc711475d549f550b1,"Peg-out from an unlisted federation paying 451,181 sats to W-A1",third-party,Fedimint peg-out (signed by the federation; the recipient chooses the address),2026-10-01T16:00:34Z,7b2d80bfab77c3de05b21277e11fb388ec7c92b0,2026-09-11T00:14:00Z,,https://mempool.space/tx/03f938686415a9e91eceac67e4bebfd86c86c67055ce6bdc711475d549f550b1
W-P222,ecash,tx,04395d0f61dfb112ffc39ab4e5662bc1cbd8a0167542d9e076e6d8d6c03c3245,"Peg-out from an unlisted federation paying 451,428 sats to W-A1",third-party,Fedimint peg-out (signed by the federation; the recipient chooses the address),2026-10-01T16:00:34Z,7b2d80bfab77c3de05b21277e11fb388ec7c92b0,2026-09-11T00:14:00Z,,https://mempool.space/tx/04395d0f61dfb112ffc39ab4e5662bc1cbd8a0167542d9e076e6d8d6c03c3245
W-P223,ecash,tx,08d77450dc136f09926a6762bcc7a350b03f25eb4c08e4393250b37e8bc4dc85,"Peg-out from an unlisted federation paying 263,852 sats to W-A1",third-party,Fedimint peg-out (signed by the federation; the recipient chooses the address),2026-10-01T16:00:34Z,7b2d80bfab77c3de05b21277e11fb388ec7c92b0,2026-09-11T00:14:00Z,,https://mempool.space/tx/08d77450dc136f09926a6762bcc7a350b03f25eb4c08e4393250b37e8bc4dc85
W-P224,ecash,tx,17314d4b2ff2c39419cbdde73ecf51de6d822b4d62d0d2385a820e8bd171afb4,"Peg-out from an unlisted federation paying 453,879 sats to W-A1",third-party,Fedimint peg-out (signed by the federation; the recipient chooses the address),2026-10-01T16:00:34Z,7b2d80bfab77c3de05b21277e11fb388ec7c92b0,2026-09-11T00:14:00Z,,https://mempool.space/tx/17314d4b2ff2c39419cbdde73ecf51de6d822b4d62d0d2385a820e8bd171afb4
W-P225,ecash,tx,1f152bfc9957c1fb46617937324935ba9c72dbfbf848d110a542c7493c68bc55,"Peg-out from an unlisted federation paying 22,529 sats to W-A1",third-party,Fedimint peg-out (signed by the federation; the recipient chooses the address),2026-10-01T16:00:34Z,7b2d80bfab77c3de05b21277e11fb388ec7c92b0,2026-09-11T00:14:00Z,,https://mempool.space/tx/1f152bfc9957c1fb46617937324935ba9c72dbfbf848d110a542c7493c68bc55
W-P226,ecash,tx,20bae4dc4b0ec8d5025cb1928ae7fef1795031305af8e346e3a0a90a5f0ea8bf,"Peg-out from an unlisted federation paying 22,072 sats to W-A1",third-party,Fedimint peg-out (signed by the federation; the recipient chooses the address),2026-10-01T16:00:34Z,7b2d80bfab77c3de05b21277e11fb388ec7c92b0,2026-09-11T00:14:00Z,,https://mempool.space/tx/20bae4dc4b0ec8d5025cb1928ae7fef1795031305af8e346e3a0a90a5f0ea8bf
W-P227,ecash,tx,234ca9e58116cab132ae02f4de9d41a4471afd5d17da2108b397610aeba313e6,"Peg-out from Marigold Trust Network paying 22,246 sats to W-A1",third-party,Fedimint peg-out (signed by the federation; the recipient chooses the address),2026-10-01T16:00:34Z,7b2d80bfab77c3de05b21277e11fb388ec7c92b0,2026-09-11T00:14:00Z,,https://mempool.space/tx/234ca9e58116cab132ae02f4de9d41a4471afd5d17da2108b397610aeba313e6
W-P228,ecash,tx,249ebfad3b112ffd57d2d0942058bd10f923daecd0164a9f2ae79a5de6680455,"Peg-out from an unlisted federation paying 447,935 sats to W-A1",third-party,Fedimint peg-out (signed by the federation; the recipient chooses the address),2026-10-01T16:00:34Z,7b2d80bfab77c3de05b21277e11fb388ec7c92b0,2026-09-11T00:14:00Z,,https://mempool.space/tx/249ebfad3b112ffd57d2d0942058bd10f923daecd0164a9f2ae79a5de6680455
W-P229,ecash,tx,28e8260eaf328ff5b79134cf036fdcde0e52c5bb212252ad033f4351acc5dae0,"Peg-out from an unlisted federation paying 22,529 sats to W-A1",third-party,Fedimint peg-out (signed by the federation; the recipient chooses the address),2026-10-01T16:00:34Z,7b2d80bfab77c3de05b21277e11fb388ec7c92b0,2026-09-11T00:14:00Z,,https://mempool.space/tx/28e8260eaf328ff5b79134cf036fdcde0e52c5bb212252ad033f4351acc5dae0
W-P230,ecash,tx,2a03a18c5fea8a341f46d5d5b36f3a2fc6e709e910ee796b0a1efdd33245c520,"Peg-out from an unlisted federation paying 437,889 sats to W-A1",third-party,Fedimint peg-out (signed by the federation; the recipient chooses the address),2026-10-01T16:00:34Z,7b2d80bfab77c3de05b21277e11fb388ec7c92b0,2026-09-11T00:14:00Z,,https://mempool.space/tx/2a03a18c5fea8a341f46d5d5b36f3a2fc6e709e910ee796b0a1efdd33245c520
W-P231,ecash,tx,2c63693f4ebd08e49d14324c8681419f1c5cc85c61ee585c4c9ef27106305593,"Peg-out from an unlisted federation paying 22,246 sats to W-A1",third-party,Fedimint peg-out (signed by the federation; the recipient chooses the address),2026-10-01T16:00:34Z,7b2d80bfab77c3de05b21277e11fb388ec7c92b0,2026-09-11T00:14:00Z,,https://mempool.space/tx/2c63693f4ebd08e49d14324c8681419f1c5cc85c61ee585c4c9ef27106305593
W-P232,ecash,tx,2c8f0c0c709b4c6606411a1e8f1e4c9ce5521864d8c2bcc37c0ba4e9fcbf968f,"Peg-out from an unlisted federation paying 210,631 sats to W-A1",third-party,Fedimint peg-out (signed by the federation; the recipient chooses the address),2026-10-01T16:00:34Z,7b2d80bfab77c3de05b21277e11fb388ec7c92b0,2026-09-11T00:14:00Z,,https://mempool.space/tx/2c8f0c0c709b4c6606411a1e8f1e4c9ce5521864d8c2bcc37c0ba4e9fcbf968f
W-P233,ecash,tx,2cfbdffdf2b92ad043c6c13868bc8d261463f8c7e6d495eab638695c25d4e4c9,"Peg-out from an unlisted federation paying 601,478 sats to W-A1",third-party,Fedimint peg-out (signed by the federation; the recipient chooses the address),2026-10-01T16:00:34Z,7b2d80bfab77c3de05b21277e11fb388ec7c92b0,2026-09-11T00:14:00Z,,https://mempool.space/tx/2cfbdffdf2b92ad043c6c13868bc8d261463f8c7e6d495eab638695c25d4e4c9
W-P234,ecash,tx,336c223db1c8bab183930c658ce9eee729921b33e86fd63477c6114128cb2645,"Peg-out from an unlisted federation paying 445,188 sats to W-A1",third-party,Fedimint peg-out (signed by the federation; the recipient chooses the address),2026-10-01T16:00:34Z,7b2d80bfab77c3de05b21277e11fb388ec7c92b0,2026-09-11T00:14:00Z,,https://mempool.space/tx/336c223db1c8bab183930c658ce9eee729921b33e86fd63477c6114128cb2645
W-P235,ecash,tx,33e68ee84ee5f1393379485f9644dcde3fa454f158282a0cd9858760a4ef31c3,"Peg-out from an unlisted federation paying 22,243 sats to W-A1",third-party,Fedimint peg-out (signed by the federation; the recipient chooses the address),2026-10-01T16:00:34Z,7b2d80bfab77c3de05b21277e11fb388ec7c92b0,2026-09-11T00:14:00Z,,https://mempool.space/tx/33e68ee84ee5f1393379485f9644dcde3fa454f158282a0cd9858760a4ef31c3
W-P236,ecash,tx,33e8fa7d07ae77980cfa0eff7fa25d9d18d688c7919c0bd9bfb381aca2b963f8,"Peg-out from an unlisted federation paying 451,395 sats to W-A1",third-party,Fedimint peg-out (signed by the federation; the recipient chooses the address),2026-10-01T16:00:34Z,7b2d80bfab77c3de05b21277e11fb388ec7c92b0,2026-09-11T00:14:00Z,,https://mempool.space/tx/33e8fa7d07ae77980cfa0eff7fa25d9d18d688c7919c0bd9bfb381aca2b963f8
W-P237,ecash,tx,3d3cbd663daf2413412a70d1da059845f3c382e4ea44b3b1f8556b5983636250,"Peg-out from an unlisted federation paying 253,563 sats to W-A1",third-party,Fedimint peg-out (signed by the federation; the recipient chooses the address),2026-10-01T16:00:34Z,7b2d80bfab77c3de05b21277e11fb388ec7c92b0,2026-09-11T00:14:00Z,,https://mempool.space/tx/3d3cbd663daf2413412a70d1da059845f3c382e4ea44b3b1f8556b5983636250
W-P238,ecash,tx,3e1a4954122509cd0c9c7e790413e04ce380a7954e77a7bbd594ab18debd82b4,"Peg-out from an unlisted federation paying 22,529 sats to W-A1",third-party,Fedimint peg-out (signed by the federation; the recipient chooses the address),2026-10-01T16:00:34Z,7b2d80bfab77c3de05b21277e11fb388ec7c92b0,2026-09-11T00:14:00Z,,https://mempool.space/tx/3e1a4954122509cd0c9c7e790413e04ce380a7954e77a7bbd594ab18debd82b4
W-P239,ecash,tx,3fe57ba512a1ee9f6c675e0f49d3488e7754bffab79d2b62f585dcb4530cc596,"Peg-out from an unlisted federation paying 359,658 sats to W-A1",third-party,Fedimint peg-out (signed by the federation; the recipient chooses the address),2026-10-01T16:00:34Z,7b2d80bfab77c3de05b21277e11fb388ec7c92b0,2026-09-11T00:14:00Z,,https://mempool.space/tx/3fe57ba512a1ee9f6c675e0f49d3488e7754bffab79d2b62f585dcb4530cc596
W-P240,ecash,tx,4172f7cd17b5080223b03e0d17706c4f40d9e4a43e61d27d53005d9340c6414e,"Peg-out from an unlisted federation paying 451,436 sats to W-A1",third-party,Fedimint peg-out (signed by the federation; the recipient chooses the address),2026-10-01T16:00:34Z,7b2d80bfab77c3de05b21277e11fb388ec7c92b0,2026-09-11T00:14:00Z,,https://mempool.space/tx/4172f7cd17b5080223b03e0d17706c4f40d9e4a43e61d27d53005d9340c6414e
W-P241,ecash,tx,42049a84d67d827860d996096f478a467b43c0fb4f56e7ef5f58dd4dfa291dae,"Peg-out from Orange Club Africa paying 22,529 sats to W-A1",third-party,Fedimint peg-out (signed by the federation; the recipient chooses the address),2026-10-01T16:00:34Z,7b2d80bfab77c3de05b21277e11fb388ec7c92b0,2026-09-11T00:14:00Z,,https://mempool.space/tx/42049a84d67d827860d996096f478a467b43c0fb4f56e7ef5f58dd4dfa291dae
W-P242,ecash,tx,430120d7393efd04d5728e7c4ed4ee55cb3554349a7d0c4f2178456349d444e0,"Peg-out from an unlisted federation paying 447,564 sats to W-A1",third-party,Fedimint peg-out (signed by the federation; the recipient chooses the address),2026-10-01T16:00:34Z,7b2d80bfab77c3de05b21277e11fb388ec7c92b0,2026-09-11T00:14:00Z,,https://mempool.space/tx/430120d7393efd04d5728e7c4ed4ee55cb3554349a7d0c4f2178456349d444e0
W-P243,ecash,tx,44f2295fca2fdc2858ac451cc91a1954a659e4da5013e08fb582b002be42d757,"Peg-out from an unlisted federation paying 910,613 sats to W-A1",third-party,Fedimint peg-out (signed by the federation; the recipient chooses the address),2026-10-01T16:00:34Z,7b2d80bfab77c3de05b21277e11fb388ec7c92b0,2026-09-11T00:14:00Z,,https://mempool.space/tx/44f2295fca2fdc2858ac451cc91a1954a659e4da5013e08fb582b002be42d757
W-P244,ecash,tx,47a1c648055019765242d8b2496a20ccdbc286a2bf425f75a7cf32e828565fc3,"Peg-out from an unlisted federation paying 450,117 sats to W-A1",third-party,Fedimint peg-out (signed by the federation; the recipient chooses the address),2026-10-01T16:00:34Z,7b2d80bfab77c3de05b21277e11fb388ec7c92b0,2026-09-11T00:14:00Z,,https://mempool.space/tx/47a1c648055019765242d8b2496a20ccdbc286a2bf425f75a7cf32e828565fc3
W-P245,ecash,tx,4e56add8d5295c70415b29bce0342a0bd7aa71c066bcb63408c0ffc5a6fe46f4,"Peg-out from an unlisted federation paying 449,060 sats to W-A1",third-party,Fedimint peg-out (signed by the federation; the recipient chooses the address),2026-10-01T16:00:34Z,7b2d80bfab77c3de05b21277e11fb388ec7c92b0,2026-09-11T00:14:00Z,,https://mempool.space/tx/4e56add8d5295c70415b29bce0342a0bd7aa71c066bcb63408c0ffc5a6fe46f4
W-P246,ecash,tx,55e1a33424ea3bddf3b1c40920bb8a0a91596666825e5b0249afe72d18375a6a,"Peg-out from an unlisted federation paying 22,529 sats to W-A1",third-party,Fedimint peg-out (signed by the federation; the recipient chooses the address),2026-10-01T16:00:34Z,7b2d80bfab77c3de05b21277e11fb388ec7c92b0,2026-09-11T00:14:00Z,,https://mempool.space/tx/55e1a33424ea3bddf3b1c40920bb8a0a91596666825e5b0249afe72d18375a6a
W-P247,ecash,tx,5a1ee49109e075e73e2800501c63abb4330e87a2c4d0a143cd52c1081bce2cfe,"Peg-out from an unlisted federation paying 22,529 sats to W-A1",third-party,Fedimint peg-out (signed by the federation; the recipient chooses the address),2026-10-01T16:00:34Z,7b2d80bfab77c3de05b21277e11fb388ec7c92b0,2026-09-11T00:14:00Z,,https://mempool.space/tx/5a1ee49109e075e73e2800501c63abb4330e87a2c4d0a143cd52c1081bce2cfe
W-P248,ecash,tx,5dcfebac26f2e1d438415a704318be8a336ca1387c527840a028fabe298d6ac8,"Peg-out from an unlisted federation paying 21,978 sats to W-A1",third-party,Fedimint peg-out (signed by the federation; the recipient chooses the address),2026-10-01T16:00:34Z,7b2d80bfab77c3de05b21277e11fb388ec7c92b0,2026-09-11T00:14:00Z,,https://mempool.space/tx/5dcfebac26f2e1d438415a704318be8a336ca1387c527840a028fabe298d6ac8
W-P249,ecash,tx,601e488307d35b8c296fee3e1de6e9ef93c903e1546f645de682b952ebfb8548,"Peg-out from an unlisted federation paying 341,661 sats to W-A1",third-party,Fedimint peg-out (signed by the federation; the recipient chooses the address),2026-10-01T16:00:34Z,7b2d80bfab77c3de05b21277e11fb388ec7c92b0,2026-09-11T00:14:00Z,,https://mempool.space/tx/601e488307d35b8c296fee3e1de6e9ef93c903e1546f645de682b952ebfb8548
W-P250,ecash,tx,616c1866ce24afc3a37130c2fd9e19a0ccdad0f83abde165f8bf1c8fa376d3ff,"Peg-out from an unlisted federation paying 451,323 sats to W-A1",third-party,Fedimint peg-out (signed by the federation; the recipient chooses the address),2026-10-01T16:00:34Z,7b2d80bfab77c3de05b21277e11fb388ec7c92b0,2026-09-11T00:14:00Z,,https://mempool.space/tx/616c1866ce24afc3a37130c2fd9e19a0ccdad0f83abde165f8bf1c8fa376d3ff
W-P251,ecash,tx,62c563a3375cea7d7a9b230f9733c667455a84db806d7a0b234ce3866a2c5033,"Peg-out from an unlisted federation paying 22,529 sats to W-A1",third-party,Fedimint peg-out (signed by the federation; the recipient chooses the address),2026-10-01T16:00:34Z,7b2d80bfab77c3de05b21277e11fb388ec7c92b0,2026-09-11T00:14:00Z,,https://mempool.space/tx/62c563a3375cea7d7a9b230f9733c667455a84db806d7a0b234ce3866a2c5033
W-P252,ecash,tx,6586e6d4439679a9adeda691f302938884fb1e5e32c4d13cb84f0968ac796997,"Peg-out from an unlisted federation paying 21,394 sats to W-A1",third-party,Fedimint peg-out (signed by the federation; the recipient chooses the address),2026-10-01T16:00:34Z,7b2d80bfab77c3de05b21277e11fb388ec7c92b0,2026-09-11T00:14:00Z,,https://mempool.space/tx/6586e6d4439679a9adeda691f302938884fb1e5e32c4d13cb84f0968ac796997
W-P253,ecash,tx,67e780f1a58f44be9a01fd5737b731fdb437a144b749469e26433e43c1e17925,"Peg-out from BTC Brasil paying 22,529 sats to W-A1",third-party,Fedimint peg-out (signed by the federation; the recipient chooses the address),2026-10-01T16:00:34Z,7b2d80bfab77c3de05b21277e11fb388ec7c92b0,2026-09-11T00:14:00Z,,https://mempool.space/tx/67e780f1a58f44be9a01fd5737b731fdb437a144b749469e26433e43c1e17925
W-P254,ecash,tx,6c10d152c58e2d93a2c5aa315c998b7cf0cfdaaf3eede92986701a6b84f21aa9,"Peg-out from an unlisted federation paying 22,246 sats to W-A1",third-party,Fedimint peg-out (signed by the federation; the recipient chooses the address),2026-10-01T16:00:34Z,7b2d80bfab77c3de05b21277e11fb388ec7c92b0,2026-09-11T00:14:00Z,,https://mempool.space/tx/6c10d152c58e2d93a2c5aa315c998b7cf0cfdaaf3eede92986701a6b84f21aa9
W-P255,ecash,tx,6f1f22e76dbd2343b89000c417375d07a6084e9b1418566a0fe8abce3d5e1c4f,"Peg-out from an unlisted federation paying 22,529 sats to W-A1",third-party,Fedimint peg-out (signed by the federation; the recipient chooses the address),2026-10-01T16:00:34Z,7b2d80bfab77c3de05b21277e11fb388ec7c92b0,2026-09-11T00:14:00Z,,https://mempool.space/tx/6f1f22e76dbd2343b89000c417375d07a6084e9b1418566a0fe8abce3d5e1c4f
W-P256,ecash,tx,6f4e4d7d9fe7e2456f152a49363fe63f3be8d1eadaeba0ed559034103a14abc8,"Peg-out from LatNet paying 22,529 sats to W-A1",third-party,Fedimint peg-out (signed by the federation; the recipient chooses the address),2026-10-01T16:00:34Z,7b2d80bfab77c3de05b21277e11fb388ec7c92b0,2026-09-11T00:14:00Z,,https://mempool.space/tx/6f4e4d7d9fe7e2456f152a49363fe63f3be8d1eadaeba0ed559034103a14abc8
W-P257,ecash,tx,6f764dce4218386b41443c700be05a2234cce80b58072205ba3a260e0203f170,"Peg-out from an unlisted federation paying 451,300 sats to W-A1",third-party,Fedimint peg-out (signed by the federation; the recipient chooses the address),2026-10-01T16:00:34Z,7b2d80bfab77c3de05b21277e11fb388ec7c92b0,2026-09-11T00:14:00Z,,https://mempool.space/tx/6f764dce4218386b41443c700be05a2234cce80b58072205ba3a260e0203f170
W-P258,ecash,tx,7261efb1f0a41c8677bafb867470cc41efaa1ad19dbdcdb986a472c5f0a50ef3,"Peg-out from an unlisted federation paying 451,427 sats to W-A1",third-party,Fedimint peg-out (signed by the federation; the recipient chooses the address),2026-10-01T16:00:34Z,7b2d80bfab77c3de05b21277e11fb388ec7c92b0,2026-09-11T00:14:00Z,,https://mempool.space/tx/7261efb1f0a41c8677bafb867470cc41efaa1ad19dbdcdb986a472c5f0a50ef3
W-P259,ecash,tx,7495a1244dbf59f771f97fe93aebf295670c00fb38187567e9b318907dcf430f,"Peg-out from an unlisted federation paying 451,316 sats to W-A1",third-party,Fedimint peg-out (signed by the federation; the recipient chooses the address),2026-10-01T16:00:34Z,7b2d80bfab77c3de05b21277e11fb388ec7c92b0,2026-09-11T00:14:00Z,,https://mempool.space/tx/7495a1244dbf59f771f97fe93aebf295670c00fb38187567e9b318907dcf430f
W-P260,ecash,tx,782307bb2a2c7547fc62596455396f978343092489489bcc969bb517d05cc1fc,"Peg-out from an unlisted federation paying 22,529 sats to W-A1",third-party,Fedimint peg-out (signed by the federation; the recipient chooses the address),2026-10-01T16:00:34Z,7b2d80bfab77c3de05b21277e11fb388ec7c92b0,2026-09-11T00:14:00Z,,https://mempool.space/tx/782307bb2a2c7547fc62596455396f978343092489489bcc969bb517d05cc1fc
W-P261,ecash,tx,7d8961ce982dec3b9faed219cb2a26028da7493fb006bb249e1242245c287731,"Peg-out from an unlisted federation paying 485,280 sats to W-A1",third-party,Fedimint peg-out (signed by the federation; the recipient chooses the address),2026-10-01T16:00:34Z,7b2d80bfab77c3de05b21277e11fb388ec7c92b0,2026-09-11T00:14:00Z,,https://mempool.space/tx/7d8961ce982dec3b9faed219cb2a26028da7493fb006bb249e1242245c287731
W-P262,ecash,tx,81926e67ea2740509f2daf8a6c3e6d8eeb16457bb662ae831f049517956e1e09,"Peg-out from an unlisted federation paying 22,529 sats to W-A1",third-party,Fedimint peg-out (signed by the federation; the recipient chooses the address),2026-10-01T16:00:34Z,7b2d80bfab77c3de05b21277e11fb388ec7c92b0,2026-09-11T00:14:00Z,,https://mempool.space/tx/81926e67ea2740509f2daf8a6c3e6d8eeb16457bb662ae831f049517956e1e09
W-P263,ecash,tx,8296bc2b24f3701ef72057129958077690b6958b6bf0e822c4af43b48ea8d339,"Peg-out from an unlisted federation paying 718,284 sats to W-A1",third-party,Fedimint peg-out (signed by the federation; the recipient chooses the address),2026-10-01T16:00:34Z,7b2d80bfab77c3de05b21277e11fb388ec7c92b0,2026-09-11T00:14:00Z,,https://mempool.space/tx/8296bc2b24f3701ef72057129958077690b6958b6bf0e822c4af43b48ea8d339
W-P264,ecash,tx,85993593224aaa4d2fa69969e912838f0e92c74dfc034db237f81f1e60eb7ea4,"Peg-out from an unlisted federation paying 22,246 sats to W-A1",third-party,Fedimint peg-out (signed by the federation; the recipient chooses the address),2026-10-01T16:00:34Z,7b2d80bfab77c3de05b21277e11fb388ec7c92b0,2026-09-11T00:14:00Z,,https://mempool.space/tx/85993593224aaa4d2fa69969e912838f0e92c74dfc034db237f81f1e60eb7ea4
W-P265,ecash,tx,8f37bbe4213d2cb8973df5a6cb01d1cc6fc9fa5ce336fcc150b7c16caae48a34,"Peg-out from an unlisted federation paying 328,596 sats to W-A1",third-party,Fedimint peg-out (signed by the federation; the recipient chooses the address),2026-10-01T16:00:34Z,7b2d80bfab77c3de05b21277e11fb388ec7c92b0,2026-09-11T00:14:00Z,,https://mempool.space/tx/8f37bbe4213d2cb8973df5a6cb01d1cc6fc9fa5ce336fcc150b7c16caae48a34
W-P266,ecash,tx,91075535bc95e88dddf5ac1209a478c18af53cc8f8cc0cf4aed97170c6675c1d,"Peg-out from an unlisted federation paying 451,433 sats to W-A1",third-party,Fedimint peg-out (signed by the federation; the recipient chooses the address),2026-10-01T16:00:34Z,7b2d80bfab77c3de05b21277e11fb388ec7c92b0,2026-09-11T00:14:00Z,,https://mempool.space/tx/91075535bc95e88dddf5ac1209a478c18af53cc8f8cc0cf4aed97170c6675c1d
W-P267,ecash,tx,9632636f134e6d6a7538a63098b2e7220c04e401f8931622fb1f96a99b0db966,"Peg-out from an unlisted federation paying 440,890 sats to W-A1",third-party,Fedimint peg-out (signed by the federation; the recipient chooses the address),2026-10-01T16:00:34Z,7b2d80bfab77c3de05b21277e11fb388ec7c92b0,2026-09-11T00:14:00Z,,https://mempool.space/tx/9632636f134e6d6a7538a63098b2e7220c04e401f8931622fb1f96a99b0db966
W-P268,ecash,tx,9720c15297026b329f10961ac2574f2c1512d1b1748101130af6a0d53d694c59,"Peg-out from an unlisted federation paying 236,371 sats to W-A1",third-party,Fedimint peg-out (signed by the federation; the recipient chooses the address),2026-10-01T16:00:34Z,7b2d80bfab77c3de05b21277e11fb388ec7c92b0,2026-09-11T00:14:00Z,,https://mempool.space/tx/9720c15297026b329f10961ac2574f2c1512d1b1748101130af6a0d53d694c59
W-P269,ecash,tx,988b98e8ec6a0577f1cb1aa51c8358a745bd79f8f1f60dc017924b5fe8628eac,"Peg-out from an unlisted federation paying 22,246 sats to W-A1",third-party,Fedimint peg-out (signed by the federation; the recipient chooses the address),2026-10-01T16:00:34Z,7b2d80bfab77c3de05b21277e11fb388ec7c92b0,2026-09-11T00:14:00Z,,https://mempool.space/tx/988b98e8ec6a0577f1cb1aa51c8358a745bd79f8f1f60dc017924b5fe8628eac
W-P270,ecash,tx,9b64944bae9a18ab8e1f13f28b23f1e05382a32b1d03949aee70e32d0f064730,"Peg-out from Bitcoinomad paying 485,477 sats to W-A1",third-party,Fedimint peg-out (signed by the federation; the recipient chooses the address),2026-10-01T16:00:34Z,7b2d80bfab77c3de05b21277e11fb388ec7c92b0,2026-09-11T00:14:00Z,,https://mempool.space/tx/9b64944bae9a18ab8e1f13f28b23f1e05382a32b1d03949aee70e32d0f064730
W-P271,ecash,tx,9bf9904c4403949f61eb986d1902bada6f38dd6e4c568638a3ec25c73c8002ad,"Peg-out from an unlisted federation paying 8,809 sats to W-A1",third-party,Fedimint peg-out (signed by the federation; the recipient chooses the address),2026-10-01T16:00:34Z,7b2d80bfab77c3de05b21277e11fb388ec7c92b0,2026-09-11T00:14:00Z,,https://mempool.space/tx/9bf9904c4403949f61eb986d1902bada6f38dd6e4c568638a3ec25c73c8002ad
W-P272,ecash,tx,9cb44968d49ce19651de3c039f418a42a28ce4dc4c3c06a62a05d0291dc5fd7b,"Peg-out from an unlisted federation paying 22,529 sats to W-A1",third-party,Fedimint peg-out (signed by the federation; the recipient chooses the address),2026-10-01T16:00:34Z,7b2d80bfab77c3de05b21277e11fb388ec7c92b0,2026-09-11T00:14:00Z,,https://mempool.space/tx/9cb44968d49ce19651de3c039f418a42a28ce4dc4c3c06a62a05d0291dc5fd7b
W-P273,ecash,tx,9e5dd3f005238df887c5c2e2b07978dbb3ca5d41089e731645b1a34a738d1fcf,"Peg-out from an unlisted federation paying 409,274 sats to W-A1",third-party,Fedimint peg-out (signed by the federation; the recipient chooses the address),2026-10-01T16:00:34Z,7b2d80bfab77c3de05b21277e11fb388ec7c92b0,2026-09-11T00:14:00Z,,https://mempool.space/tx/9e5dd3f005238df887c5c2e2b07978dbb3ca5d41089e731645b1a34a738d1fcf
W-P274,ecash,tx,a206cc4de171766e5d673c91298556fa864984d23d816b5ed50c3bc3d10c4a8d,"Peg-out from an unlisted federation paying 451,433 sats to W-A1",third-party,Fedimint peg-out (signed by the federation; the recipient chooses the address),2026-10-01T16:00:34Z,7b2d80bfab77c3de05b21277e11fb388ec7c92b0,2026-09-11T00:14:00Z,,https://mempool.space/tx/a206cc4de171766e5d673c91298556fa864984d23d816b5ed50c3bc3d10c4a8d
W-P275,ecash,tx,a6b4514d379d318d5b786444245e857113e0abf0caed01d20ce0d48e365ca3d6,"Peg-out from an unlisted federation paying 312,724 sats to W-A1",third-party,Fedimint peg-out (signed by the federation; the recipient chooses the address),2026-10-01T16:00:34Z,7b2d80bfab77c3de05b21277e11fb388ec7c92b0,2026-09-11T00:14:00Z,,https://mempool.space/tx/a6b4514d379d318d5b786444245e857113e0abf0caed01d20ce0d48e365ca3d6
W-P276,ecash,tx,a6d59ede08e4fe321defa757b3ec0fd34f8ba6325bff5eabaeaf4d4d4d2d9104,"Peg-out from Alianza BTC paying 400,659 sats to W-A1",third-party,Fedimint peg-out (signed by the federation; the recipient chooses the address),2026-10-01T16:00:34Z,7b2d80bfab77c3de05b21277e11fb388ec7c92b0,2026-09-11T00:14:00Z,,https://mempool.space/tx/a6d59ede08e4fe321defa757b3ec0fd34f8ba6325bff5eabaeaf4d4d4d2d9104
W-P277,ecash,tx,a7c1476b287cb89919e00d1ee4dd31398bb530b4f30e62ba53e7d3d05dab2481,"Peg-out from an unlisted federation paying 22,529 sats to W-A1",third-party,Fedimint peg-out (signed by the federation; the recipient chooses the address),2026-10-01T16:00:34Z,7b2d80bfab77c3de05b21277e11fb388ec7c92b0,2026-09-11T00:14:00Z,,https://mempool.space/tx/a7c1476b287cb89919e00d1ee4dd31398bb530b4f30e62ba53e7d3d05dab2481
W-P278,ecash,tx,b5dfc2e4f351bef0fcab4167acc26b198a87a5ca390bb97ed048ffffc2557a30,"Peg-out from an unlisted federation paying 449,847 sats to W-A1",third-party,Fedimint peg-out (signed by the federation; the recipient chooses the address),2026-10-01T16:00:34Z,7b2d80bfab77c3de05b21277e11fb388ec7c92b0,2026-09-11T00:14:00Z,,https://mempool.space/tx/b5dfc2e4f351bef0fcab4167acc26b198a87a5ca390bb97ed048ffffc2557a30
W-P279,ecash,tx,b6086896efebd5158c66dbb23d43c676fc0798b0e955632b1e6e66fdcae9946b,"Peg-out from an unlisted federation paying 451,393 sats to W-A1",third-party,Fedimint peg-out (signed by the federation; the recipient chooses the address),2026-10-01T16:00:34Z,7b2d80bfab77c3de05b21277e11fb388ec7c92b0,2026-09-11T00:14:00Z,,https://mempool.space/tx/b6086896efebd5158c66dbb23d43c676fc0798b0e955632b1e6e66fdcae9946b
W-P280,ecash,tx,b7974bf4a95f3fdf29f37982f89c3d82f51387327bd754de63a1b535cadc62be,"Peg-out from an unlisted federation paying 450,134 sats to W-A1",third-party,Fedimint peg-out (signed by the federation; the recipient chooses the address),2026-10-01T16:00:34Z,7b2d80bfab77c3de05b21277e11fb388ec7c92b0,2026-09-11T00:14:00Z,,https://mempool.space/tx/b7974bf4a95f3fdf29f37982f89c3d82f51387327bd754de63a1b535cadc62be
W-P281,ecash,tx,b96267d7a2ca25dffe8c8dcbddbe1b17889d789613ac57dff7e58ea8f0269850,"Peg-out from an unlisted federation paying 450,456 sats to W-A1",third-party,Fedimint peg-out (signed by the federation; the recipient chooses the address),2026-10-01T16:00:34Z,7b2d80bfab77c3de05b21277e11fb388ec7c92b0,2026-09-11T00:14:00Z,,https://mempool.space/tx/b96267d7a2ca25dffe8c8dcbddbe1b17889d789613ac57dff7e58ea8f0269850
W-P282,ecash,tx,b9e3de0ead653fd7e503dadb63fd7531b74e9d32f8a2a96bce3adaa053da132f,"Peg-out from Bitcoin Principles paying 22,246 sats to W-A1",third-party,Fedimint peg-out (signed by the federation; the recipient chooses the address),2026-10-01T16:00:34Z,7b2d80bfab77c3de05b21277e11fb388ec7c92b0,2026-09-11T00:14:00Z,,https://mempool.space/tx/b9e3de0ead653fd7e503dadb63fd7531b74e9d32f8a2a96bce3adaa053da132f
W-P283,ecash,tx,be52adb9095decdd62cc03e2d46e2248a7933114b76523a47ef27d9ae516057a,"Peg-out from an unlisted federation paying 570,007 sats to W-A1",third-party,Fedimint peg-out (signed by the federation; the recipient chooses the address),2026-10-01T16:00:34Z,7b2d80bfab77c3de05b21277e11fb388ec7c92b0,2026-09-11T00:14:00Z,,https://mempool.space/tx/be52adb9095decdd62cc03e2d46e2248a7933114b76523a47ef27d9ae516057a
W-P284,ecash,tx,bf416b30da8ee96c80facf8a6f3ba9cdaec821915131712afe8f045d3c6d935e,"Peg-out from an unlisted federation paying 452,050 sats to W-A1",third-party,Fedimint peg-out (signed by the federation; the recipient chooses the address),2026-10-01T16:00:34Z,7b2d80bfab77c3de05b21277e11fb388ec7c92b0,2026-09-11T00:14:00Z,,https://mempool.space/tx/bf416b30da8ee96c80facf8a6f3ba9cdaec821915131712afe8f045d3c6d935e
W-P285,ecash,tx,bf551c2aa5eba83f8c925a1406effe01cf159764b081a08d960d858dd3920e44,"Peg-out from E-Cash Club paying 22,529 sats to W-A1",third-party,Fedimint peg-out (signed by the federation; the recipient chooses the address),2026-10-01T16:00:34Z,7b2d80bfab77c3de05b21277e11fb388ec7c92b0,2026-09-11T00:14:00Z,,https://mempool.space/tx/bf551c2aa5eba83f8c925a1406effe01cf159764b081a08d960d858dd3920e44
W-P286,ecash,tx,bf5faa4af90c9d6d8426e7c865ee8821c96a8a497b9313e2627630c743986f51,"Peg-out from Freedom One paying 22,529 sats to W-A1",third-party,Fedimint peg-out (signed by the federation; the recipient chooses the address),2026-10-01T16:00:34Z,7b2d80bfab77c3de05b21277e11fb388ec7c92b0,2026-09-11T00:14:00Z,,https://mempool.space/tx/bf5faa4af90c9d6d8426e7c865ee8821c96a8a497b9313e2627630c743986f51
W-P287,ecash,tx,c2f6ff126da3b57da83f01d21633d30b01cca9482b662e84cdb9aae81ddda089,"Peg-out from an unlisted federation paying 368,359 sats to W-A1",third-party,Fedimint peg-out (signed by the federation; the recipient chooses the address),2026-10-01T16:00:34Z,7b2d80bfab77c3de05b21277e11fb388ec7c92b0,2026-09-11T00:14:00Z,,https://mempool.space/tx/c2f6ff126da3b57da83f01d21633d30b01cca9482b662e84cdb9aae81ddda089
W-P288,ecash,tx,c49e65c63ba87128bac4403deb9b320ca9ded0d7a1588c0d307ee988c060456b,"Peg-out from an unlisted federation paying 445,446 sats to W-A1",third-party,Fedimint peg-out (signed by the federation; the recipient chooses the address),2026-10-01T16:00:34Z,7b2d80bfab77c3de05b21277e11fb388ec7c92b0,2026-09-11T00:14:00Z,,https://mempool.space/tx/c49e65c63ba87128bac4403deb9b320ca9ded0d7a1588c0d307ee988c060456b
W-P289,ecash,tx,ca9a789b4b150afabe59a45342034fcfef08fd3ac90c054a0b725e0d2018e575,"Peg-out from School of Sats paying 21,252 sats to W-A1",third-party,Fedimint peg-out (signed by the federation; the recipient chooses the address),2026-10-01T16:00:34Z,7b2d80bfab77c3de05b21277e11fb388ec7c92b0,2026-09-11T00:14:00Z,,https://mempool.space/tx/ca9a789b4b150afabe59a45342034fcfef08fd3ac90c054a0b725e0d2018e575
W-P290,ecash,tx,d0e66671a9687099139e9a8567ccf6a729d9b5ca1bf90f3e0ddd9308a0fbd126,"Peg-out from an unlisted federation paying 22,529 sats to W-A1",third-party,Fedimint peg-out (signed by the federation; the recipient chooses the address),2026-10-01T16:00:34Z,7b2d80bfab77c3de05b21277e11fb388ec7c92b0,2026-09-11T00:14:00Z,,https://mempool.space/tx/d0e66671a9687099139e9a8567ccf6a729d9b5ca1bf90f3e0ddd9308a0fbd126
W-P291,ecash,tx,d7befe8dbb817831c71f9e2f4d7311426d6e419d10cbce4fdb95a1f67e869c3b,"Peg-out from an unlisted federation paying 428,608 sats to W-A1",third-party,Fedimint peg-out (signed by the federation; the recipient chooses the address),2026-10-01T16:00:34Z,7b2d80bfab77c3de05b21277e11fb388ec7c92b0,2026-09-11T00:14:00Z,,https://mempool.space/tx/d7befe8dbb817831c71f9e2f4d7311426d6e419d10cbce4fdb95a1f67e869c3b
W-P292,ecash,tx,d96b87556ec18fd751ca98d3da44d11a4dd4a4ad12e1a444e1b69c3e8a7b23e5,"Peg-out from an unlisted federation paying 441,641 sats to W-A1",third-party,Fedimint peg-out (signed by the federation; the recipient chooses the address),2026-10-01T16:00:34Z,7b2d80bfab77c3de05b21277e11fb388ec7c92b0,2026-09-11T00:14:00Z,,https://mempool.space/tx/d96b87556ec18fd751ca98d3da44d11a4dd4a4ad12e1a444e1b69c3e8a7b23e5
W-P293,ecash,tx,df6cc39747ca79ffd037a51b290dd45c75d366d00adc3a181db8558dd5bacbba,"Peg-out from an unlisted federation paying 22,246 sats to W-A1",third-party,Fedimint peg-out (signed by the federation; the recipient chooses the address),2026-10-01T16:00:34Z,7b2d80bfab77c3de05b21277e11fb388ec7c92b0,2026-09-11T00:14:00Z,,https://mempool.space/tx/df6cc39747ca79ffd037a51b290dd45c75d366d00adc3a181db8558dd5bacbba
W-P294,ecash,tx,e0e5f1e73795695e4aa63164ccafea386f1f43e0955f2ec65d3c08be72585b30,"Peg-out from Liberty Tree Network paying 22,246 sats to W-A1",third-party,Fedimint peg-out (signed by the federation; the recipient chooses the address),2026-10-01T16:00:34Z,7b2d80bfab77c3de05b21277e11fb388ec7c92b0,2026-09-11T00:14:00Z,,https://mempool.space/tx/e0e5f1e73795695e4aa63164ccafea386f1f43e0955f2ec65d3c08be72585b30
W-P295,ecash,tx,e9b652367884bd0faa8da36d42bb7c785b16e202ff324f5200501461af82f06c,"Peg-out from an unlisted federation paying 451,433 sats to W-A1",third-party,Fedimint peg-out (signed by the federation; the recipient chooses the address),2026-10-01T16:00:34Z,7b2d80bfab77c3de05b21277e11fb388ec7c92b0,2026-09-11T00:14:00Z,,https://mempool.space/tx/e9b652367884bd0faa8da36d42bb7c785b16e202ff324f5200501461af82f06c
W-P296,ecash,tx,eb2af480316205eacd71c814b42ac5aed43d7ae91c096f535eefa67d5da6e450,"Peg-out from an unlisted federation paying 451,211 sats to W-A1",third-party,Fedimint peg-out (signed by the federation; the recipient chooses the address),2026-10-01T16:00:34Z,7b2d80bfab77c3de05b21277e11fb388ec7c92b0,2026-09-11T00:14:00Z,,https://mempool.space/tx/eb2af480316205eacd71c814b42ac5aed43d7ae91c096f535eefa67d5da6e450
W-P297,ecash,tx,ef4edba8c13da1228fbfcb1c0559d08c79f0c5c5d91841fef13c47f3ee92c3dd,"Peg-out from an unlisted federation paying 22,527 sats to W-A1",third-party,Fedimint peg-out (signed by the federation; the recipient chooses the address),2026-10-01T16:00:34Z,7b2d80bfab77c3de05b21277e11fb388ec7c92b0,2026-09-11T00:14:00Z,,https://mempool.space/tx/ef4edba8c13da1228fbfcb1c0559d08c79f0c5c5d91841fef13c47f3ee92c3dd
W-P298,ecash,tx,f4466a707b9922fb64cefd974d36484dca96bd2ee6cac1baa7e2577bb3d06e46,"Peg-out from an unlisted federation paying 22,529 sats to W-A1",third-party,Fedimint peg-out (signed by the federation; the recipient chooses the address),2026-10-01T16:00:34Z,7b2d80bfab77c3de05b21277e11fb388ec7c92b0,2026-09-11T00:14:00Z,,https://mempool.space/tx/f4466a707b9922fb64cefd974d36484dca96bd2ee6cac1baa7e2577bb3d06e46
W-P299,ecash,tx,f5f6b1f0bdb79af1aa1be0ad6657989764d04611a4c828661cf83b6ce6f66cd2,"Peg-out from an unlisted federation paying 22,529 sats to W-A1",third-party,Fedimint peg-out (signed by the federation; the recipient chooses the address),2026-10-01T16:00:34Z,7b2d80bfab77c3de05b21277e11fb388ec7c92b0,2026-09-11T00:14:00Z,,https://mempool.space/tx/f5f6b1f0bdb79af1aa1be0ad6657989764d04611a4c828661cf83b6ce6f66cd2
W-P300,ecash,tx,f7a9852a02b6e2eaf0fd2576bece66ee31c578618aec057942543dded2077e8c,"Peg-out from an unlisted federation paying 210,477 sats to W-A1",third-party,Fedimint peg-out (signed by the federation; the recipient chooses the address),2026-10-01T16:00:34Z,7b2d80bfab77c3de05b21277e11fb388ec7c92b0,2026-09-11T00:14:00Z,,https://mempool.space/tx/f7a9852a02b6e2eaf0fd2576bece66ee31c578618aec057942543dded2077e8c
W-P301,ecash,tx,f8bb83fe20593e32fee00bfaa78191937bda34ab33acb7d42ac5c5727d563918,"Peg-out from an unlisted federation paying 22,527 sats to W-A1",third-party,Fedimint peg-out (signed by the federation; the recipient chooses the address),2026-10-01T16:00:34Z,7b2d80bfab77c3de05b21277e11fb388ec7c92b0,2026-09-11T00:14:00Z,,https://mempool.space/tx/f8bb83fe20593e32fee00bfaa78191937bda34ab33acb7d42ac5c5727d563918
W-P302,ecash,tx,f92ca178d17da96f3c88f6594a5dcd6dcfd7f590f73a17bccc751b4cdad68eaf,"Peg-out from Global Bitcoin Federation paying 22,529 sats to W-A1",third-party,Fedimint peg-out (signed by the federation; the recipient chooses the address),2026-10-01T16:00:34Z,7b2d80bfab77c3de05b21277e11fb388ec7c92b0,2026-09-11T00:14:00Z,,https://mempool.space/tx/f92ca178d17da96f3c88f6594a5dcd6dcfd7f590f73a17bccc751b4cdad68eaf
W-P303,ecash,tx,fbd72a6efe01d1641f86d1ba186c669e47a98ce8064e7afe3e913305b5833e15,"Peg-out from an unlisted federation paying 451,432 sats to W-A1",third-party,Fedimint peg-out (signed by the federation; the recipient chooses the address),2026-10-01T16:00:34Z,7b2d80bfab77c3de05b21277e11fb388ec7c92b0,2026-09-11T00:14:00Z,,https://mempool.space/tx/fbd72a6efe01d1641f86d1ba186c669e47a98ce8064e7afe3e913305b5833e15
W-P304,ecash,tx,00c4876abba71627a5de484f543295e9e7df39a3d6f618ea48c12ade3cb087d4,Peg-out from an unlisted federation paying 906 sats to W-A1,third-party,Fedimint peg-out (signed by the federation; the recipient chooses the address),2026-10-01T16:00:34Z,7b2d80bfab77c3de05b21277e11fb388ec7c92b0,2026-09-11T02:40:02Z,,https://mempool.space/tx/00c4876abba71627a5de484f543295e9e7df39a3d6f618ea48c12ade3cb087d4
W-P305,ecash,tx,00fc23f4c0e546202bdb7868efa8079c15b5bf0eb2c401d0678cd6deb4756094,Peg-out from LatNet paying 472 sats to W-A1,third-party,Fedimint peg-out (signed by the federation; the recipient chooses the address),2026-10-01T16:00:34Z,7b2d80bfab77c3de05b21277e11fb388ec7c92b0,2026-09-11T02:40:02Z,,https://mempool.space/tx/00fc23f4c0e546202bdb7868efa8079c15b5bf0eb2c401d0678cd6deb4756094
W-P306,ecash,tx,05d7e272e0e292cfe887065deeead12408051b357ddddf4dec1250e8b7092ecd,Peg-out from an unlisted federation paying 904 sats to W-A1,third-party,Fedimint peg-out (signed by the federation; the recipient chooses the address),2026-10-01T16:00:34Z,7b2d80bfab77c3de05b21277e11fb388ec7c92b0,2026-09-11T02:40:02Z,,https://mempool.space/tx/05d7e272e0e292cfe887065deeead12408051b357ddddf4dec1250e8b7092ecd
W-P307,ecash,tx,0babd2357d59cedda5ac0111ef05006cfdef62ca35bf583183e3db49d85af2b9,"Peg-out from an unlisted federation paying 22,072 sats to W-A1",third-party,Fedimint peg-out (signed by the federation; the recipient chooses the address),2026-10-01T16:00:34Z,7b2d80bfab77c3de05b21277e11fb388ec7c92b0,2026-09-11T02:40:02Z,,https://mempool.space/tx/0babd2357d59cedda5ac0111ef05006cfdef62ca35bf583183e3db49d85af2b9
W-P308,ecash,tx,0d138d041bd9a6e006ee423d1510708027948f73e11c2a41cbfe7a773f06dfa1,Peg-out from an unlisted federation paying 470 sats to W-A1,third-party,Fedimint peg-out (signed by the federation; the recipient chooses the address),2026-10-01T16:00:34Z,7b2d80bfab77c3de05b21277e11fb388ec7c92b0,2026-09-11T02:40:02Z,,https://mempool.space/tx/0d138d041bd9a6e006ee423d1510708027948f73e11c2a41cbfe7a773f06dfa1
W-P309,ecash,tx,0e2e0b9e5d1befcd0179b4c60aa27f255f3d6642ff6876e4bc7a184b2e814c75,Peg-out from an unlisted federation paying 906 sats to W-A1,third-party,Fedimint peg-out (signed by the federation; the recipient chooses the address),2026-10-01T16:00:34Z,7b2d80bfab77c3de05b21277e11fb388ec7c92b0,2026-09-11T02:40:02Z,,https://mempool.space/tx/0e2e0b9e5d1befcd0179b4c60aa27f255f3d6642ff6876e4bc7a184b2e814c75
W-P310,ecash,tx,0f8819b1779d033f1ea289a3f61b47325092ebbe3490e51792052ce8442c84c4,Peg-out from an unlisted federation paying 905 sats to W-A1,third-party,Fedimint peg-out (signed by the federation; the recipient chooses the address),2026-10-01T16:00:34Z,7b2d80bfab77c3de05b21277e11fb388ec7c92b0,2026-09-11T02:40:02Z,,https://mempool.space/tx/0f8819b1779d033f1ea289a3f61b47325092ebbe3490e51792052ce8442c84c4
W-P311,ecash,tx,118aa54ef402a58fc27881400f43e6ceaeb79e2af67995a10125f7e31c61f612,Peg-out from an unlisted federation paying 904 sats to W-A1,third-party,Fedimint peg-out (signed by the federation; the recipient chooses the address),2026-10-01T16:00:34Z,7b2d80bfab77c3de05b21277e11fb388ec7c92b0,2026-09-11T02:40:02Z,,https://mempool.space/tx/118aa54ef402a58fc27881400f43e6ceaeb79e2af67995a10125f7e31c61f612
W-P312,ecash,tx,1a4258d26a88469dac9b10b3fe75851508515c5697caaa946ac7ee5b573c3d9a,Peg-out from an unlisted federation paying 472 sats to W-A1,third-party,Fedimint peg-out (signed by the federation; the recipient chooses the address),2026-10-01T16:00:34Z,7b2d80bfab77c3de05b21277e11fb388ec7c92b0,2026-09-11T02:40:02Z,,https://mempool.space/tx/1a4258d26a88469dac9b10b3fe75851508515c5697caaa946ac7ee5b573c3d9a
W-P313,ecash,tx,1e599f4a524d0d9573daead58df8ff46cfc7793e495a68539b60ab52d222fe92,Peg-out from an unlisted federation paying 905 sats to W-A1,third-party,Fedimint peg-out (signed by the federation; the recipient chooses the address),2026-10-01T16:00:34Z,7b2d80bfab77c3de05b21277e11fb388ec7c92b0,2026-09-11T02:40:02Z,,https://mempool.space/tx/1e599f4a524d0d9573daead58df8ff46cfc7793e495a68539b60ab52d222fe92
W-P314,ecash,tx,1f449b8019e004d78d0db8d204b8d0ebc213aeedac3b056d40d19752b7cfbd78,"Peg-out from an unlisted federation paying 22,072 sats to W-A1",third-party,Fedimint peg-out (signed by the federation; the recipient chooses the address),2026-10-01T16:00:34Z,7b2d80bfab77c3de05b21277e11fb388ec7c92b0,2026-09-11T02:40:02Z,,https://mempool.space/tx/1f449b8019e004d78d0db8d204b8d0ebc213aeedac3b056d40d19752b7cfbd78
W-P315,ecash,tx,215c599c3b25d7cf781c2f29a68fc7639814ebabda78f0bb57369393890380fc,Peg-out from an unlisted federation paying 472 sats to W-A1,third-party,Fedimint peg-out (signed by the federation; the recipient chooses the address),2026-10-01T16:00:34Z,7b2d80bfab77c3de05b21277e11fb388ec7c92b0,2026-09-11T02:40:02Z,,https://mempool.space/tx/215c599c3b25d7cf781c2f29a68fc7639814ebabda78f0bb57369393890380fc
W-P316,ecash,tx,22b8462e2c9cfd148648bfa0639ac06891d0d3ac46d68dfb13811072e5ff536e,Peg-out from an unlisted federation paying 906 sats to W-A1,third-party,Fedimint peg-out (signed by the federation; the recipient chooses the address),2026-10-01T16:00:34Z,7b2d80bfab77c3de05b21277e11fb388ec7c92b0,2026-09-11T02:40:02Z,,https://mempool.space/tx/22b8462e2c9cfd148648bfa0639ac06891d0d3ac46d68dfb13811072e5ff536e
W-P317,ecash,tx,2322654f01c228d88db4a33ceaa46ca3d67dc8964bb50fa287e2b7f9afb8b6aa,"Peg-out from Bitcoinomad paying 22,072 sats to W-A1",third-party,Fedimint peg-out (signed by the federation; the recipient chooses the address),2026-10-01T16:00:34Z,7b2d80bfab77c3de05b21277e11fb388ec7c92b0,2026-09-11T02:40:02Z,,https://mempool.space/tx/2322654f01c228d88db4a33ceaa46ca3d67dc8964bb50fa287e2b7f9afb8b6aa
W-P318,ecash,tx,23f33548ab3de9f93008b73f156c0a68a4b1f809e5257eb9720b15987ac7b65d,"Peg-out from an unlisted federation paying 22,072 sats to W-A1",third-party,Fedimint peg-out (signed by the federation; the recipient chooses the address),2026-10-01T16:00:34Z,7b2d80bfab77c3de05b21277e11fb388ec7c92b0,2026-09-11T02:40:02Z,,https://mempool.space/tx/23f33548ab3de9f93008b73f156c0a68a4b1f809e5257eb9720b15987ac7b65d
W-P319,ecash,tx,2534087f73ce09d74c9e9217dd2ae9c98cf77980d3f66e1c954208cdfd0b76c5,"Peg-out from an unlisted federation paying 22,072 sats to W-A1",third-party,Fedimint peg-out (signed by the federation; the recipient chooses the address),2026-10-01T16:00:34Z,7b2d80bfab77c3de05b21277e11fb388ec7c92b0,2026-09-11T02:40:02Z,,https://mempool.space/tx/2534087f73ce09d74c9e9217dd2ae9c98cf77980d3f66e1c954208cdfd0b76c5
W-P320,ecash,tx,295fec1e3e8f815142595b7b8be559ee465e69917e525bf0d5e4325b37313846,Peg-out from Liberty Tree Network paying 472 sats to W-A1,third-party,Fedimint peg-out (signed by the federation; the recipient chooses the address),2026-10-01T16:00:34Z,7b2d80bfab77c3de05b21277e11fb388ec7c92b0,2026-09-11T02:40:02Z,,https://mempool.space/tx/295fec1e3e8f815142595b7b8be559ee465e69917e525bf0d5e4325b37313846
W-P321,ecash,tx,29b4f7e78710dd70b77f04a604b0002d77307a48031c47dbd3c9ef8c28fe1834,Peg-out from an unlisted federation paying 904 sats to W-A1,third-party,Fedimint peg-out (signed by the federation; the recipient chooses the address),2026-10-01T16:00:34Z,7b2d80bfab77c3de05b21277e11fb388ec7c92b0,2026-09-11T02:40:02Z,,https://mempool.space/tx/29b4f7e78710dd70b77f04a604b0002d77307a48031c47dbd3c9ef8c28fe1834
W-P322,ecash,tx,2a2ab85173c7ef61d689f188f5fd52feffda406f0380383026f43b8fcaa58a5f,Peg-out from an unlisted federation paying 904 sats to W-A1,third-party,Fedimint peg-out (signed by the federation; the recipient chooses the address),2026-10-01T16:00:34Z,7b2d80bfab77c3de05b21277e11fb388ec7c92b0,2026-09-11T02:40:02Z,,https://mempool.space/tx/2a2ab85173c7ef61d689f188f5fd52feffda406f0380383026f43b8fcaa58a5f
W-P323,ecash,tx,2b81251ecf44627c5f83747f279fc4ee1b7513c5d07972a354b70907a6fa1384,Peg-out from an unlisted federation paying 906 sats to W-A1,third-party,Fedimint peg-out (signed by the federation; the recipient chooses the address),2026-10-01T16:00:34Z,7b2d80bfab77c3de05b21277e11fb388ec7c92b0,2026-09-11T02:40:02Z,,https://mempool.space/tx/2b81251ecf44627c5f83747f279fc4ee1b7513c5d07972a354b70907a6fa1384
W-P324,ecash,tx,2eaa35d3890d317a35d90ad796e3e9904a79328af7da4f6331f2edc23bf68fd0,"Peg-out from an unlisted federation paying 22,072 sats to W-A1",third-party,Fedimint peg-out (signed by the federation; the recipient chooses the address),2026-10-01T16:00:34Z,7b2d80bfab77c3de05b21277e11fb388ec7c92b0,2026-09-11T02:40:02Z,,https://mempool.space/tx/2eaa35d3890d317a35d90ad796e3e9904a79328af7da4f6331f2edc23bf68fd0
W-P325,ecash,tx,2f3b44d42da194b522601b5e53eacc20cd0644cad928459939f04310be0859b6,Peg-out from an unlisted federation paying 472 sats to W-A1,third-party,Fedimint peg-out (signed by the federation; the recipient chooses the address),2026-10-01T16:00:34Z,7b2d80bfab77c3de05b21277e11fb388ec7c92b0,2026-09-11T02:40:02Z,,https://mempool.space/tx/2f3b44d42da194b522601b5e53eacc20cd0644cad928459939f04310be0859b6
W-P326,ecash,tx,3048c1901c542ed53995978081627ff124f7b8b1fa272eec9b3c0d41a84df2a2,Peg-out from E-Cash Club paying 472 sats to W-A1,third-party,Fedimint peg-out (signed by the federation; the recipient chooses the address),2026-10-01T16:00:34Z,7b2d80bfab77c3de05b21277e11fb388ec7c92b0,2026-09-11T02:40:02Z,,https://mempool.space/tx/3048c1901c542ed53995978081627ff124f7b8b1fa272eec9b3c0d41a84df2a2
W-P327,ecash,tx,311b0a5d039b3353751f2c43b5fd7cb2d4047fd4f0c8d47525837628ed69c216,Peg-out from Bitcoinomad paying 906 sats to W-A1,third-party,Fedimint peg-out (signed by the federation; the recipient chooses the address),2026-10-01T16:00:34Z,7b2d80bfab77c3de05b21277e11fb388ec7c92b0,2026-09-11T02:40:02Z,,https://mempool.space/tx/311b0a5d039b3353751f2c43b5fd7cb2d4047fd4f0c8d47525837628ed69c216
W-P328,ecash,tx,32a8c578f34a666c1b8b483fda219b01d444c00dea39809734b0f43dea606a52,Peg-out from an unlisted federation paying 906 sats to W-A1,third-party,Fedimint peg-out (signed by the federation; the recipient chooses the address),2026-10-01T16:00:34Z,7b2d80bfab77c3de05b21277e11fb388ec7c92b0,2026-09-11T02:40:02Z,,https://mempool.space/tx/32a8c578f34a666c1b8b483fda219b01d444c00dea39809734b0f43dea606a52
W-P329,ecash,tx,35b31263d0c4c030fecff700c9ea78521fc599e6a9c2b6fc4654372bdf54d285,Peg-out from an unlisted federation paying 472 sats to W-A1,third-party,Fedimint peg-out (signed by the federation; the recipient chooses the address),2026-10-01T16:00:34Z,7b2d80bfab77c3de05b21277e11fb388ec7c92b0,2026-09-11T02:40:02Z,,https://mempool.space/tx/35b31263d0c4c030fecff700c9ea78521fc599e6a9c2b6fc4654372bdf54d285
W-P330,ecash,tx,374b4c4bcd9bae8cc64f48378b6edfe9fe6430fc4b3d80fee6a1a90c75f5b4b0,Peg-out from Global Bitcoin Federation paying 472 sats to W-A1,third-party,Fedimint peg-out (signed by the federation; the recipient chooses the address),2026-10-01T16:00:34Z,7b2d80bfab77c3de05b21277e11fb388ec7c92b0,2026-09-11T02:40:02Z,,https://mempool.space/tx/374b4c4bcd9bae8cc64f48378b6edfe9fe6430fc4b3d80fee6a1a90c75f5b4b0
W-P331,ecash,tx,3822a7a5d6de843b29a375587bbedf82a98870d4aeb33e2ea3f063111ead6402,Peg-out from an unlisted federation paying 472 sats to W-A1,third-party,Fedimint peg-out (signed by the federation; the recipient chooses the address),2026-10-01T16:00:34Z,7b2d80bfab77c3de05b21277e11fb388ec7c92b0,2026-09-11T02:40:02Z,,https://mempool.space/tx/3822a7a5d6de843b29a375587bbedf82a98870d4aeb33e2ea3f063111ead6402
W-P332,ecash,tx,399911bb916f778d988b079dc9104d110c6477bf00d86d243d3f89f8b134066a,"Peg-out from an unlisted federation paying 22,070 sats to W-A1",third-party,Fedimint peg-out (signed by the federation; the recipient chooses the address),2026-10-01T16:00:34Z,7b2d80bfab77c3de05b21277e11fb388ec7c92b0,2026-09-11T02:40:02Z,,https://mempool.space/tx/399911bb916f778d988b079dc9104d110c6477bf00d86d243d3f89f8b134066a
W-P333,ecash,tx,3e71bfee648330c4e9b1951f36d675afddfd67fde9307dd29d22bfd44150ed0a,Peg-out from an unlisted federation paying 904 sats to W-A1,third-party,Fedimint peg-out (signed by the federation; the recipient chooses the address),2026-10-01T16:00:34Z,7b2d80bfab77c3de05b21277e11fb388ec7c92b0,2026-09-11T02:40:02Z,,https://mempool.space/tx/3e71bfee648330c4e9b1951f36d675afddfd67fde9307dd29d22bfd44150ed0a
W-P334,ecash,tx,3e8b9cfc0391bc2357c5b67d74c76849992e4c491e4dd4a1978f713ed495a71c,"Peg-out from an unlisted federation paying 22,069 sats to W-A1",third-party,Fedimint peg-out (signed by the federation; the recipient chooses the address),2026-10-01T16:00:34Z,7b2d80bfab77c3de05b21277e11fb388ec7c92b0,2026-09-11T02:40:02Z,,https://mempool.space/tx/3e8b9cfc0391bc2357c5b67d74c76849992e4c491e4dd4a1978f713ed495a71c
W-P335,ecash,tx,4021f0b73e2dfd604f30c22a876fe7259fc027f0eea20e837f6223247e154a82,Peg-out from an unlisted federation paying 905 sats to W-A1,third-party,Fedimint peg-out (signed by the federation; the recipient chooses the address),2026-10-01T16:00:34Z,7b2d80bfab77c3de05b21277e11fb388ec7c92b0,2026-09-11T02:40:02Z,,https://mempool.space/tx/4021f0b73e2dfd604f30c22a876fe7259fc027f0eea20e837f6223247e154a82
W-P336,ecash,tx,44ee1373d1583c491ddaa1f7551df8a25a0540b6ddb5d3a5c5e28fa03d2371c6,"Peg-out from an unlisted federation paying 22,072 sats to W-A1",third-party,Fedimint peg-out (signed by the federation; the recipient chooses the address),2026-10-01T16:00:34Z,7b2d80bfab77c3de05b21277e11fb388ec7c92b0,2026-09-11T02:40:02Z,,https://mempool.space/tx/44ee1373d1583c491ddaa1f7551df8a25a0540b6ddb5d3a5c5e28fa03d2371c6
W-P337,ecash,tx,45c0880b97f449ddb601d26fbec370bdc844fba6ed9a22baa584109e1937d21e,Peg-out from an unlisted federation paying 906 sats to W-A1,third-party,Fedimint peg-out (signed by the federation; the recipient chooses the address),2026-10-01T16:00:34Z,7b2d80bfab77c3de05b21277e11fb388ec7c92b0,2026-09-11T02:40:02Z,,https://mempool.space/tx/45c0880b97f449ddb601d26fbec370bdc844fba6ed9a22baa584109e1937d21e
W-P338,ecash,tx,46a290a965800daa633b0fc31a9efe196365c994d4e51074b993d6142407e4fd,"Peg-out from an unlisted federation paying 22,072 sats to W-A1",third-party,Fedimint peg-out (signed by the federation; the recipient chooses the address),2026-10-01T16:00:34Z,7b2d80bfab77c3de05b21277e11fb388ec7c92b0,2026-09-11T02:40:02Z,,https://mempool.space/tx/46a290a965800daa633b0fc31a9efe196365c994d4e51074b993d6142407e4fd
W-P339,ecash,tx,4887834dc49ad76ffcaeaecfd2907418b192819a59bbaf5ec2179af539236013,"Peg-out from an unlisted federation paying 22,072 sats to W-A1",third-party,Fedimint peg-out (signed by the federation; the recipient chooses the address),2026-10-01T16:00:34Z,7b2d80bfab77c3de05b21277e11fb388ec7c92b0,2026-09-11T02:40:02Z,,https://mempool.space/tx/4887834dc49ad76ffcaeaecfd2907418b192819a59bbaf5ec2179af539236013
W-P340,ecash,tx,4b2741e741f14a69fb7c66a45df6f00935a2a4811ad4434e42e366d685bb2177,Peg-out from an unlisted federation paying 906 sats to W-A1,third-party,Fedimint peg-out (signed by the federation; the recipient chooses the address),2026-10-01T16:00:34Z,7b2d80bfab77c3de05b21277e11fb388ec7c92b0,2026-09-11T02:40:02Z,,https://mempool.space/tx/4b2741e741f14a69fb7c66a45df6f00935a2a4811ad4434e42e366d685bb2177
W-P341,ecash,tx,4d755d09dfd537e781e79ff0b4abf56db37fb99de00f9a45b833c99729caae46,Peg-out from an unlisted federation paying 906 sats to W-A1,third-party,Fedimint peg-out (signed by the federation; the recipient chooses the address),2026-10-01T16:00:34Z,7b2d80bfab77c3de05b21277e11fb388ec7c92b0,2026-09-11T02:40:02Z,,https://mempool.space/tx/4d755d09dfd537e781e79ff0b4abf56db37fb99de00f9a45b833c99729caae46
W-P342,ecash,tx,507f78c9d369055ed7fa9d8f25b4d6b6454f25973213cefdaa1be9db3e0f9963,"Peg-out from an unlisted federation paying 22,072 sats to W-A1",third-party,Fedimint peg-out (signed by the federation; the recipient chooses the address),2026-10-01T16:00:34Z,7b2d80bfab77c3de05b21277e11fb388ec7c92b0,2026-09-11T02:40:02Z,,https://mempool.space/tx/507f78c9d369055ed7fa9d8f25b4d6b6454f25973213cefdaa1be9db3e0f9963
W-P343,ecash,tx,5203458eefa871cb0f86a03eef82ea852492887116bd82a644c92cbf7c90c616,Peg-out from an unlisted federation paying 905 sats to W-A1,third-party,Fedimint peg-out (signed by the federation; the recipient chooses the address),2026-10-01T16:00:34Z,7b2d80bfab77c3de05b21277e11fb388ec7c92b0,2026-09-11T02:40:02Z,,https://mempool.space/tx/5203458eefa871cb0f86a03eef82ea852492887116bd82a644c92cbf7c90c616
W-P344,ecash,tx,56a1a583a83b52889418b47968dead5a3b5212db47ae1f0a22e264806d497ddf,Peg-out from an unlisted federation paying 878 sats to W-A1,third-party,Fedimint peg-out (signed by the federation; the recipient chooses the address),2026-10-01T16:00:34Z,7b2d80bfab77c3de05b21277e11fb388ec7c92b0,2026-09-11T02:40:02Z,,https://mempool.space/tx/56a1a583a83b52889418b47968dead5a3b5212db47ae1f0a22e264806d497ddf
W-P345,ecash,tx,5a0076f77d0ed3a0985ff87b7c3f15da0572e57ce31379bc3b2b0dceec742ea7,Peg-out from an unlisted federation paying 906 sats to W-A1,third-party,Fedimint peg-out (signed by the federation; the recipient chooses the address),2026-10-01T16:00:34Z,7b2d80bfab77c3de05b21277e11fb388ec7c92b0,2026-09-11T02:40:02Z,,https://mempool.space/tx/5a0076f77d0ed3a0985ff87b7c3f15da0572e57ce31379bc3b2b0dceec742ea7
W-P346,ecash,tx,5fa6e44f402356ac4c1387b47b45c1c83ec8405aa8fee457f74cf4702a0efa9c,"Peg-out from an unlisted federation paying 22,069 sats to W-A1",third-party,Fedimint peg-out (signed by the federation; the recipient chooses the address),2026-10-01T16:00:34Z,7b2d80bfab77c3de05b21277e11fb388ec7c92b0,2026-09-11T02:40:02Z,,https://mempool.space/tx/5fa6e44f402356ac4c1387b47b45c1c83ec8405aa8fee457f74cf4702a0efa9c
W-P347,ecash,tx,61c1b390e777dd62668dc27fffb814b15ed74290229f46a663939d21a50a5e5c,Peg-out from Alianza BTC paying 906 sats to W-A1,third-party,Fedimint peg-out (signed by the federation; the recipient chooses the address),2026-10-01T16:00:34Z,7b2d80bfab77c3de05b21277e11fb388ec7c92b0,2026-09-11T02:40:02Z,,https://mempool.space/tx/61c1b390e777dd62668dc27fffb814b15ed74290229f46a663939d21a50a5e5c
W-P348,ecash,tx,628aeec98f9d42c32f559e5d8e91433a4be12e22bde7e31cddfc4edea5cacb30,Peg-out from an unlisted federation paying 472 sats to W-A1,third-party,Fedimint peg-out (signed by the federation; the recipient chooses the address),2026-10-01T16:00:34Z,7b2d80bfab77c3de05b21277e11fb388ec7c92b0,2026-09-11T02:40:02Z,,https://mempool.space/tx/628aeec98f9d42c32f559e5d8e91433a4be12e22bde7e31cddfc4edea5cacb30
W-P349,ecash,tx,634a30ef9b09ef13a5ea64af0c257836a3f9ce14768ac6610c0a0037db75072f,"Peg-out from an unlisted federation paying 22,072 sats to W-A1",third-party,Fedimint peg-out (signed by the federation; the recipient chooses the address),2026-10-01T16:00:34Z,7b2d80bfab77c3de05b21277e11fb388ec7c92b0,2026-09-11T02:40:02Z,,https://mempool.space/tx/634a30ef9b09ef13a5ea64af0c257836a3f9ce14768ac6610c0a0037db75072f
W-P350,ecash,tx,66d2b5e0d6aea562ffbfe905dbd95308f807aa0cbc85011fa3b63844b8883112,Peg-out from an unlisted federation paying 904 sats to W-A1,third-party,Fedimint peg-out (signed by the federation; the recipient chooses the address),2026-10-01T16:00:34Z,7b2d80bfab77c3de05b21277e11fb388ec7c92b0,2026-09-11T02:40:02Z,,https://mempool.space/tx/66d2b5e0d6aea562ffbfe905dbd95308f807aa0cbc85011fa3b63844b8883112
W-P351,ecash,tx,69806f429722c0767ea9ca9c930d668cc6fe2b724042bc789d1136543719faae,Peg-out from an unlisted federation paying 906 sats to W-A1,third-party,Fedimint peg-out (signed by the federation; the recipient chooses the address),2026-10-01T16:00:34Z,7b2d80bfab77c3de05b21277e11fb388ec7c92b0,2026-09-11T02:40:02Z,,https://mempool.space/tx/69806f429722c0767ea9ca9c930d668cc6fe2b724042bc789d1136543719faae
W-P352,ecash,tx,6ada8eba2e97e296ec720197d370bf36c33981f2e5e7eff102958ebdf658b4a3,Peg-out from an unlisted federation paying 472 sats to W-A1,third-party,Fedimint peg-out (signed by the federation; the recipient chooses the address),2026-10-01T16:00:34Z,7b2d80bfab77c3de05b21277e11fb388ec7c92b0,2026-09-11T02:40:02Z,,https://mempool.space/tx/6ada8eba2e97e296ec720197d370bf36c33981f2e5e7eff102958ebdf658b4a3
W-P353,ecash,tx,6d8ac80e535914bf8bc30df78e52a20ac6670c918b9c3471a661f70ef89fb16b,Peg-out from an unlisted federation paying 878 sats to W-A1,third-party,Fedimint peg-out (signed by the federation; the recipient chooses the address),2026-10-01T16:00:34Z,7b2d80bfab77c3de05b21277e11fb388ec7c92b0,2026-09-11T02:40:02Z,,https://mempool.space/tx/6d8ac80e535914bf8bc30df78e52a20ac6670c918b9c3471a661f70ef89fb16b
W-P354,ecash,tx,78b79e4c6a47b0ea5725a896c90851b3c49683372271419a16be80ae24103703,"Peg-out from an unlisted federation paying 22,070 sats to W-A1",third-party,Fedimint peg-out (signed by the federation; the recipient chooses the address),2026-10-01T16:00:34Z,7b2d80bfab77c3de05b21277e11fb388ec7c92b0,2026-09-11T02:40:02Z,,https://mempool.space/tx/78b79e4c6a47b0ea5725a896c90851b3c49683372271419a16be80ae24103703
W-P355,ecash,tx,7998b102e4ef52bc5ab083e8458a94f06d9457ef29181f92dfe61b2da4035e2f,Peg-out from School of Sats paying 550 sats to W-A1,third-party,Fedimint peg-out (signed by the federation; the recipient chooses the address),2026-10-01T16:00:34Z,7b2d80bfab77c3de05b21277e11fb388ec7c92b0,2026-09-11T02:40:02Z,,https://mempool.space/tx/7998b102e4ef52bc5ab083e8458a94f06d9457ef29181f92dfe61b2da4035e2f
W-P356,ecash,tx,79ec3a530c6108bbde9ebcfd84ecaa1768820c0a91a8b4c773d7c5f98a7a9be7,Peg-out from Freedom One paying 472 sats to W-A1,third-party,Fedimint peg-out (signed by the federation; the recipient chooses the address),2026-10-01T16:00:34Z,7b2d80bfab77c3de05b21277e11fb388ec7c92b0,2026-09-11T02:40:02Z,,https://mempool.space/tx/79ec3a530c6108bbde9ebcfd84ecaa1768820c0a91a8b4c773d7c5f98a7a9be7
W-P357,ecash,tx,7a61df3e9f884cfde7290a223c793bfa6a30842e4890099c3a8c3f1a7eda30c1,Peg-out from an unlisted federation paying 905 sats to W-A1,third-party,Fedimint peg-out (signed by the federation; the recipient chooses the address),2026-10-01T16:00:34Z,7b2d80bfab77c3de05b21277e11fb388ec7c92b0,2026-09-11T02:40:02Z,,https://mempool.space/tx/7a61df3e9f884cfde7290a223c793bfa6a30842e4890099c3a8c3f1a7eda30c1
W-P358,ecash,tx,7ab1e70d2ab583aa3f8c856cbec96c17be32bf8d451e833c19bf4865fdb5d796,Peg-out from an unlisted federation paying 472 sats to W-A1,third-party,Fedimint peg-out (signed by the federation; the recipient chooses the address),2026-10-01T16:00:34Z,7b2d80bfab77c3de05b21277e11fb388ec7c92b0,2026-09-11T02:40:02Z,,https://mempool.space/tx/7ab1e70d2ab583aa3f8c856cbec96c17be32bf8d451e833c19bf4865fdb5d796
W-P359,ecash,tx,7b14de06c551bdd4f53f3f2f1caef59de2b9f40976c55e407209b3b54e83023b,"Peg-out from an unlisted federation paying 22,070 sats to W-A1",third-party,Fedimint peg-out (signed by the federation; the recipient chooses the address),2026-10-01T16:00:34Z,7b2d80bfab77c3de05b21277e11fb388ec7c92b0,2026-09-11T02:40:02Z,,https://mempool.space/tx/7b14de06c551bdd4f53f3f2f1caef59de2b9f40976c55e407209b3b54e83023b
W-P360,ecash,tx,7d6d514fb701cd71c1b48e7b87cc6f28407d489b79d110dee53e7aa6dc3feaa7,Peg-out from an unlisted federation paying 472 sats to W-A1,third-party,Fedimint peg-out (signed by the federation; the recipient chooses the address),2026-10-01T16:00:34Z,7b2d80bfab77c3de05b21277e11fb388ec7c92b0,2026-09-11T02:40:02Z,,https://mempool.space/tx/7d6d514fb701cd71c1b48e7b87cc6f28407d489b79d110dee53e7aa6dc3feaa7
W-P361,ecash,tx,7f2acc0627e74d386a175f91208237d5824ca6ff22b97ddb443b48ba66a19b2f,"Peg-out from an unlisted federation paying 22,072 sats to W-A1",third-party,Fedimint peg-out (signed by the federation; the recipient chooses the address),2026-10-01T16:00:34Z,7b2d80bfab77c3de05b21277e11fb388ec7c92b0,2026-09-11T02:40:02Z,,https://mempool.space/tx/7f2acc0627e74d386a175f91208237d5824ca6ff22b97ddb443b48ba66a19b2f
W-P362,ecash,tx,8253b89d6d564b0489bf66389b5b1675fd87eeca6c336e80e3bb3dbfc032f414,"Peg-out from an unlisted federation paying 22,070 sats to W-A1",third-party,Fedimint peg-out (signed by the federation; the recipient chooses the address),2026-10-01T16:00:34Z,7b2d80bfab77c3de05b21277e11fb388ec7c92b0,2026-09-11T02:40:02Z,,https://mempool.space/tx/8253b89d6d564b0489bf66389b5b1675fd87eeca6c336e80e3bb3dbfc032f414
W-P363,ecash,tx,86488254237cfb3b8e0272cf536a05dce230bc5bb56d31880f97e4add1f181f6,"Peg-out from an unlisted federation paying 22,072 sats to W-A1",third-party,Fedimint peg-out (signed by the federation; the recipient chooses the address),2026-10-01T16:00:34Z,7b2d80bfab77c3de05b21277e11fb388ec7c92b0,2026-09-11T02:40:02Z,,https://mempool.space/tx/86488254237cfb3b8e0272cf536a05dce230bc5bb56d31880f97e4add1f181f6
W-P364,ecash,tx,8661a5cd11a701a42072ec234c060cb3a63d3a4453448ed43a61d92c4f3862b4,Peg-out from an unlisted federation paying 905 sats to W-A1,third-party,Fedimint peg-out (signed by the federation; the recipient chooses the address),2026-10-01T16:00:34Z,7b2d80bfab77c3de05b21277e11fb388ec7c92b0,2026-09-11T02:40:02Z,,https://mempool.space/tx/8661a5cd11a701a42072ec234c060cb3a63d3a4453448ed43a61d92c4f3862b4
W-P365,ecash,tx,866c317ee9c17d1be89264f7f293c6115fdf1eb464caf51aa4bdb548784afb4c,"Peg-out from an unlisted federation paying 22,069 sats to W-A1",third-party,Fedimint peg-out (signed by the federation; the recipient chooses the address),2026-10-01T16:00:34Z,7b2d80bfab77c3de05b21277e11fb388ec7c92b0,2026-09-11T02:40:02Z,,https://mempool.space/tx/866c317ee9c17d1be89264f7f293c6115fdf1eb464caf51aa4bdb548784afb4c
W-P366,ecash,tx,87ec6beae51b238d6e0554635f31c930588ba9ad933238145e3937352acb6813,"Peg-out from an unlisted federation paying 22,072 sats to W-A1",third-party,Fedimint peg-out (signed by the federation; the recipient chooses the address),2026-10-01T16:00:34Z,7b2d80bfab77c3de05b21277e11fb388ec7c92b0,2026-09-11T02:40:02Z,,https://mempool.space/tx/87ec6beae51b238d6e0554635f31c930588ba9ad933238145e3937352acb6813
W-P367,ecash,tx,87fda1cfc612bee580a632177930cafbea658855cc22fad6eea1a18417ef7c8e,Peg-out from BTC Brasil paying 472 sats to W-A1,third-party,Fedimint peg-out (signed by the federation; the recipient chooses the address),2026-10-01T16:00:34Z,7b2d80bfab77c3de05b21277e11fb388ec7c92b0,2026-09-11T02:40:02Z,,https://mempool.space/tx/87fda1cfc612bee580a632177930cafbea658855cc22fad6eea1a18417ef7c8e
W-P368,ecash,tx,8e2a8486b138079dfdf46968679b6b2367a3e93a8b7d505c200cca049b5194ec,Peg-out from an unlisted federation paying 906 sats to W-A1,third-party,Fedimint peg-out (signed by the federation; the recipient chooses the address),2026-10-01T16:00:34Z,7b2d80bfab77c3de05b21277e11fb388ec7c92b0,2026-09-11T02:40:02Z,,https://mempool.space/tx/8e2a8486b138079dfdf46968679b6b2367a3e93a8b7d505c200cca049b5194ec
W-P369,ecash,tx,904ef12a5172fc863de9c88bc8d65b5385ebe1bec5b8fa0ef5bc70b9eaadb154,"Peg-out from an unlisted federation paying 22,072 sats to W-A1",third-party,Fedimint peg-out (signed by the federation; the recipient chooses the address),2026-10-01T16:00:34Z,7b2d80bfab77c3de05b21277e11fb388ec7c92b0,2026-09-11T02:40:02Z,,https://mempool.space/tx/904ef12a5172fc863de9c88bc8d65b5385ebe1bec5b8fa0ef5bc70b9eaadb154
W-P370,ecash,tx,90ad0120dfbbade42bc0be0471f7a5a29e94e2f3adff76f5db4caac48ff60dd7,Peg-out from an unlisted federation paying 906 sats to W-A1,third-party,Fedimint peg-out (signed by the federation; the recipient chooses the address),2026-10-01T16:00:34Z,7b2d80bfab77c3de05b21277e11fb388ec7c92b0,2026-09-11T02:40:02Z,,https://mempool.space/tx/90ad0120dfbbade42bc0be0471f7a5a29e94e2f3adff76f5db4caac48ff60dd7
W-P371,ecash,tx,90e7d39f888be104b151bb81cf39a538146c641921ce06d35f287c8a67d26761,Peg-out from an unlisted federation paying 904 sats to W-A1,third-party,Fedimint peg-out (signed by the federation; the recipient chooses the address),2026-10-01T16:00:34Z,7b2d80bfab77c3de05b21277e11fb388ec7c92b0,2026-09-11T02:40:02Z,,https://mempool.space/tx/90e7d39f888be104b151bb81cf39a538146c641921ce06d35f287c8a67d26761
W-P372,ecash,tx,916b950b81caf660cdcf80afa7d3a9c5fab657ac8fa69ace3c0ddced0af39634,"Peg-out from an unlisted federation paying 22,072 sats to W-A1",third-party,Fedimint peg-out (signed by the federation; the recipient chooses the address),2026-10-01T16:00:34Z,7b2d80bfab77c3de05b21277e11fb388ec7c92b0,2026-09-11T02:40:02Z,,https://mempool.space/tx/916b950b81caf660cdcf80afa7d3a9c5fab657ac8fa69ace3c0ddced0af39634
W-P373,ecash,tx,927ee6e03786f52fbee9443da33715f22227471455bf244ca2b261942e1518d6,"Peg-out from Alianza BTC paying 22,072 sats to W-A1",third-party,Fedimint peg-out (signed by the federation; the recipient chooses the address),2026-10-01T16:00:34Z,7b2d80bfab77c3de05b21277e11fb388ec7c92b0,2026-09-11T02:40:02Z,,https://mempool.space/tx/927ee6e03786f52fbee9443da33715f22227471455bf244ca2b261942e1518d6
W-P374,ecash,tx,93ad2e11b40f7f524879c7780bc24f5f3a8ddf06560f065f279ae4018f2151a6,Peg-out from an unlisted federation paying 472 sats to W-A1,third-party,Fedimint peg-out (signed by the federation; the recipient chooses the address),2026-10-01T16:00:34Z,7b2d80bfab77c3de05b21277e11fb388ec7c92b0,2026-09-11T02:40:02Z,,https://mempool.space/tx/93ad2e11b40f7f524879c7780bc24f5f3a8ddf06560f065f279ae4018f2151a6
W-P375,ecash,tx,93d6cd6f20271f8faac26d15e491eab3ac598f22c7a33657106585d3f0a762b0,Peg-out from an unlisted federation paying 905 sats to W-A1,third-party,Fedimint peg-out (signed by the federation; the recipient chooses the address),2026-10-01T16:00:34Z,7b2d80bfab77c3de05b21277e11fb388ec7c92b0,2026-09-11T02:40:02Z,,https://mempool.space/tx/93d6cd6f20271f8faac26d15e491eab3ac598f22c7a33657106585d3f0a762b0
W-P376,ecash,tx,94ae8e5fa90865c43e58b6f4ed7259798738d48b45c7bd0744bc37dbac5a2612,Peg-out from an unlisted federation paying 472 sats to W-A1,third-party,Fedimint peg-out (signed by the federation; the recipient chooses the address),2026-10-01T16:00:34Z,7b2d80bfab77c3de05b21277e11fb388ec7c92b0,2026-09-11T02:40:02Z,,https://mempool.space/tx/94ae8e5fa90865c43e58b6f4ed7259798738d48b45c7bd0744bc37dbac5a2612
W-P377,ecash,tx,994ec28df946ab63b2890e1ae819ec41c14920dbf49bf10be8004e6d77bae49f,"Peg-out from an unlisted federation paying 22,070 sats to W-A1",third-party,Fedimint peg-out (signed by the federation; the recipient chooses the address),2026-10-01T16:00:34Z,7b2d80bfab77c3de05b21277e11fb388ec7c92b0,2026-09-11T02:40:02Z,,https://mempool.space/tx/994ec28df946ab63b2890e1ae819ec41c14920dbf49bf10be8004e6d77bae49f
W-P378,ecash,tx,9ef84a1fe0970ec2d69ec4283cea9dd93b4ac65751ed8648773625415466ed65,Peg-out from an unlisted federation paying 471 sats to W-A1,third-party,Fedimint peg-out (signed by the federation; the recipient chooses the address),2026-10-01T16:00:34Z,7b2d80bfab77c3de05b21277e11fb388ec7c92b0,2026-09-11T02:40:02Z,,https://mempool.space/tx/9ef84a1fe0970ec2d69ec4283cea9dd93b4ac65751ed8648773625415466ed65
W-P379,ecash,tx,9f1df407089ae4d0489845c49b9d3ad2558faa0948345e06bae4cc8abbbcd6e8,"Peg-out from an unlisted federation paying 22,070 sats to W-A1",third-party,Fedimint peg-out (signed by the federation; the recipient chooses the address),2026-10-01T16:00:34Z,7b2d80bfab77c3de05b21277e11fb388ec7c92b0,2026-09-11T02:40:02Z,,https://mempool.space/tx/9f1df407089ae4d0489845c49b9d3ad2558faa0948345e06bae4cc8abbbcd6e8
W-P380,ecash,tx,9f5245e7951d0937f833e1a56f1813a2c899658e21f06f65f76c90bdc8a5e3ca,Peg-out from an unlisted federation paying 904 sats to W-A1,third-party,Fedimint peg-out (signed by the federation; the recipient chooses the address),2026-10-01T16:00:34Z,7b2d80bfab77c3de05b21277e11fb388ec7c92b0,2026-09-11T02:40:02Z,,https://mempool.space/tx/9f5245e7951d0937f833e1a56f1813a2c899658e21f06f65f76c90bdc8a5e3ca
W-P381,ecash,tx,a01accba5bf5899a8f83d4350dd07e4fd3bd67d7d9a034346684bc6f47c6ea22,Peg-out from Marigold Trust Network paying 472 sats to W-A1,third-party,Fedimint peg-out (signed by the federation; the recipient chooses the address),2026-10-01T16:00:34Z,7b2d80bfab77c3de05b21277e11fb388ec7c92b0,2026-09-11T02:40:02Z,,https://mempool.space/tx/a01accba5bf5899a8f83d4350dd07e4fd3bd67d7d9a034346684bc6f47c6ea22
W-P382,ecash,tx,a481f6191a6faa732288f616ed88877d5cf6a4acce96d99d2de7cd30492eb804,"Peg-out from an unlisted federation paying 22,070 sats to W-A1",third-party,Fedimint peg-out (signed by the federation; the recipient chooses the address),2026-10-01T16:00:34Z,7b2d80bfab77c3de05b21277e11fb388ec7c92b0,2026-09-11T02:40:02Z,,https://mempool.space/tx/a481f6191a6faa732288f616ed88877d5cf6a4acce96d99d2de7cd30492eb804
W-P383,ecash,tx,a53fc57efeb221266a248c5889793dd856be1d5296d4dfb9a48167d270a5c9ee,Peg-out from an unlisted federation paying 472 sats to W-A1,third-party,Fedimint peg-out (signed by the federation; the recipient chooses the address),2026-10-01T16:00:34Z,7b2d80bfab77c3de05b21277e11fb388ec7c92b0,2026-09-11T02:40:02Z,,https://mempool.space/tx/a53fc57efeb221266a248c5889793dd856be1d5296d4dfb9a48167d270a5c9ee
W-P384,ecash,tx,a63bcef3abddc46ec56e7fcb9d011b2a17988a257007e5ca729aec982cd42031,Peg-out from an unlisted federation paying 906 sats to W-A1,third-party,Fedimint peg-out (signed by the federation; the recipient chooses the address),2026-10-01T16:00:34Z,7b2d80bfab77c3de05b21277e11fb388ec7c92b0,2026-09-11T02:40:02Z,,https://mempool.space/tx/a63bcef3abddc46ec56e7fcb9d011b2a17988a257007e5ca729aec982cd42031
W-P385,ecash,tx,a81b58c90be6d1da23bcece68ebe6bc661d5a267c167278f7f63246629b2c6b9,Peg-out from an unlisted federation paying 905 sats to W-A1,third-party,Fedimint peg-out (signed by the federation; the recipient chooses the address),2026-10-01T16:00:34Z,7b2d80bfab77c3de05b21277e11fb388ec7c92b0,2026-09-11T02:40:02Z,,https://mempool.space/tx/a81b58c90be6d1da23bcece68ebe6bc661d5a267c167278f7f63246629b2c6b9
W-P386,ecash,tx,ac4fb429711ec8103cf6747445b28d877a3722727e5bed87d121d34a1a3e8aa2,Peg-out from an unlisted federation paying 472 sats to W-A1,third-party,Fedimint peg-out (signed by the federation; the recipient chooses the address),2026-10-01T16:00:34Z,7b2d80bfab77c3de05b21277e11fb388ec7c92b0,2026-09-11T02:40:02Z,,https://mempool.space/tx/ac4fb429711ec8103cf6747445b28d877a3722727e5bed87d121d34a1a3e8aa2
W-P387,ecash,tx,ae34b449ea0c3706ff1f52f7b16cc75ca3e10ff2df8a1386a4a50e8e711432c3,Peg-out from an unlisted federation paying 472 sats to W-A1,third-party,Fedimint peg-out (signed by the federation; the recipient chooses the address),2026-10-01T16:00:34Z,7b2d80bfab77c3de05b21277e11fb388ec7c92b0,2026-09-11T02:40:02Z,,https://mempool.space/tx/ae34b449ea0c3706ff1f52f7b16cc75ca3e10ff2df8a1386a4a50e8e711432c3
W-P388,ecash,tx,b042406b4ea46761a9685920d130ca60bcf761bd41f144728348e195f042077e,Peg-out from an unlisted federation paying 904 sats to W-A1,third-party,Fedimint peg-out (signed by the federation; the recipient chooses the address),2026-10-01T16:00:34Z,7b2d80bfab77c3de05b21277e11fb388ec7c92b0,2026-09-11T02:40:02Z,,https://mempool.space/tx/b042406b4ea46761a9685920d130ca60bcf761bd41f144728348e195f042077e
W-P389,ecash,tx,b3894209e8044e05087edff725a4674e0985be6d6da66b5193cf5788ee4d9ef5,Peg-out from an unlisted federation paying 472 sats to W-A1,third-party,Fedimint peg-out (signed by the federation; the recipient chooses the address),2026-10-01T16:00:34Z,7b2d80bfab77c3de05b21277e11fb388ec7c92b0,2026-09-11T02:40:02Z,,https://mempool.space/tx/b3894209e8044e05087edff725a4674e0985be6d6da66b5193cf5788ee4d9ef5
W-P390,ecash,tx,b4766b2a875118df74d42e6e3226f53ed95b186b6194d3c3ff3d52d53a1ef7cc,Peg-out from Orange Club Africa paying 472 sats to W-A1,third-party,Fedimint peg-out (signed by the federation; the recipient chooses the address),2026-10-01T16:00:34Z,7b2d80bfab77c3de05b21277e11fb388ec7c92b0,2026-09-11T02:40:02Z,,https://mempool.space/tx/b4766b2a875118df74d42e6e3226f53ed95b186b6194d3c3ff3d52d53a1ef7cc
W-P391,ecash,tx,b72341b4535d72de69e5da417377254a4fe82859d9789dd4236f94013d5986d9,"Peg-out from an unlisted federation paying 22,072 sats to W-A1",third-party,Fedimint peg-out (signed by the federation; the recipient chooses the address),2026-10-01T16:00:34Z,7b2d80bfab77c3de05b21277e11fb388ec7c92b0,2026-09-11T02:40:02Z,,https://mempool.space/tx/b72341b4535d72de69e5da417377254a4fe82859d9789dd4236f94013d5986d9
W-P392,ecash,tx,b92e96ce0a3639fc66a9cd566430add8b85a7743ac57b99980c7cf01d51ebc90,Peg-out from an unlisted federation paying 472 sats to W-A1,third-party,Fedimint peg-out (signed by the federation; the recipient chooses the address),2026-10-01T16:00:34Z,7b2d80bfab77c3de05b21277e11fb388ec7c92b0,2026-09-11T02:40:02Z,,https://mempool.space/tx/b92e96ce0a3639fc66a9cd566430add8b85a7743ac57b99980c7cf01d51ebc90
W-P393,ecash,tx,b93ad02c789b5d17659eb2dc94f04352ae6006f599ab01e23214cc66e225bfa8,"Peg-out from an unlisted federation paying 22,072 sats to W-A1",third-party,Fedimint peg-out (signed by the federation; the recipient chooses the address),2026-10-01T16:00:34Z,7b2d80bfab77c3de05b21277e11fb388ec7c92b0,2026-09-11T02:40:02Z,,https://mempool.space/tx/b93ad02c789b5d17659eb2dc94f04352ae6006f599ab01e23214cc66e225bfa8
W-P394,ecash,tx,ba620b85849359c7a8ab48e162414c4fc733bdd13b59bcbe0292a96456c25549,"Peg-out from an unlisted federation paying 22,072 sats to W-A1",third-party,Fedimint peg-out (signed by the federation; the recipient chooses the address),2026-10-01T16:00:34Z,7b2d80bfab77c3de05b21277e11fb388ec7c92b0,2026-09-11T02:40:02Z,,https://mempool.space/tx/ba620b85849359c7a8ab48e162414c4fc733bdd13b59bcbe0292a96456c25549
W-P395,ecash,tx,bc10ec422aca59a3eda2a209e963cc182c618e6287cda164df5a102a1cbfa407,Peg-out from an unlisted federation paying 878 sats to W-A1,third-party,Fedimint peg-out (signed by the federation; the recipient chooses the address),2026-10-01T16:00:34Z,7b2d80bfab77c3de05b21277e11fb388ec7c92b0,2026-09-11T02:40:02Z,,https://mempool.space/tx/bc10ec422aca59a3eda2a209e963cc182c618e6287cda164df5a102a1cbfa407
W-P396,ecash,tx,bc2164290acee323aadd84fd56f46cfdae4a67798e2fb055bc2f760d46ba1d0b,Peg-out from an unlisted federation paying 906 sats to W-A1,third-party,Fedimint peg-out (signed by the federation; the recipient chooses the address),2026-10-01T16:00:34Z,7b2d80bfab77c3de05b21277e11fb388ec7c92b0,2026-09-11T02:40:02Z,,https://mempool.space/tx/bc2164290acee323aadd84fd56f46cfdae4a67798e2fb055bc2f760d46ba1d0b
W-P397,ecash,tx,bdb229684c3bd2bd597cf57f18f173a5ff749f87817bcf6ee66fa94af106d8ce,"Peg-out from an unlisted federation paying 22,070 sats to W-A1",third-party,Fedimint peg-out (signed by the federation; the recipient chooses the address),2026-10-01T16:00:34Z,7b2d80bfab77c3de05b21277e11fb388ec7c92b0,2026-09-11T02:40:02Z,,https://mempool.space/tx/bdb229684c3bd2bd597cf57f18f173a5ff749f87817bcf6ee66fa94af106d8ce
W-P398,ecash,tx,bf53266f608e04dafdef7885be1c23feb9e183bf7ec6528a180d460ccdaa55eb,Peg-out from an unlisted federation paying 472 sats to W-A1,third-party,Fedimint peg-out (signed by the federation; the recipient chooses the address),2026-10-01T16:00:34Z,7b2d80bfab77c3de05b21277e11fb388ec7c92b0,2026-09-11T02:40:02Z,,https://mempool.space/tx/bf53266f608e04dafdef7885be1c23feb9e183bf7ec6528a180d460ccdaa55eb
W-P399,ecash,tx,bfb350812cbe93b9c574eeb9ef887805aa504f7c9717c77741077ef018369c8c,Peg-out from an unlisted federation paying 472 sats to W-A1,third-party,Fedimint peg-out (signed by the federation; the recipient chooses the address),2026-10-01T16:00:34Z,7b2d80bfab77c3de05b21277e11fb388ec7c92b0,2026-09-11T02:40:02Z,,https://mempool.space/tx/bfb350812cbe93b9c574eeb9ef887805aa504f7c9717c77741077ef018369c8c
W-P400,ecash,tx,c21c8e9eb7ab477dd8c71881f068a5e0305ba500656b8e6307cb19ed75d7901d,"Peg-out from an unlisted federation paying 22,070 sats to W-A1",third-party,Fedimint peg-out (signed by the federation; the recipient chooses the address),2026-10-01T16:00:34Z,7b2d80bfab77c3de05b21277e11fb388ec7c92b0,2026-09-11T02:40:02Z,,https://mempool.space/tx/c21c8e9eb7ab477dd8c71881f068a5e0305ba500656b8e6307cb19ed75d7901d
W-P401,ecash,tx,c2edb5c036d3e808d3d5f16aeebb45f31feae2fbcdb1dc5170cd294d0d5f1e39,Peg-out from an unlisted federation paying 906 sats to W-A1,third-party,Fedimint peg-out (signed by the federation; the recipient chooses the address),2026-10-01T16:00:34Z,7b2d80bfab77c3de05b21277e11fb388ec7c92b0,2026-09-11T02:40:02Z,,https://mempool.space/tx/c2edb5c036d3e808d3d5f16aeebb45f31feae2fbcdb1dc5170cd294d0d5f1e39
W-P402,ecash,tx,c5e9e24ba97d34c59110f5ee1a3301a92e9b0a4f5492f8ab5f16532421da7a38,"Peg-out from an unlisted federation paying 22,070 sats to W-A1",third-party,Fedimint peg-out (signed by the federation; the recipient chooses the address),2026-10-01T16:00:34Z,7b2d80bfab77c3de05b21277e11fb388ec7c92b0,2026-09-11T02:40:02Z,,https://mempool.space/tx/c5e9e24ba97d34c59110f5ee1a3301a92e9b0a4f5492f8ab5f16532421da7a38
W-P403,ecash,tx,c6817002be41b7a32159bff965df0a9b52e306c942fa68e497a4fa79327b4659,"Peg-out from an unlisted federation paying 22,070 sats to W-A1",third-party,Fedimint peg-out (signed by the federation; the recipient chooses the address),2026-10-01T16:00:34Z,7b2d80bfab77c3de05b21277e11fb388ec7c92b0,2026-09-11T02:40:02Z,,https://mempool.space/tx/c6817002be41b7a32159bff965df0a9b52e306c942fa68e497a4fa79327b4659
W-P404,ecash,tx,c6a7615f8082e1ba19df70a68210895aef893780066e34d917b90693b681c41e,Peg-out from an unlisted federation paying 906 sats to W-A1,third-party,Fedimint peg-out (signed by the federation; the recipient chooses the address),2026-10-01T16:00:34Z,7b2d80bfab77c3de05b21277e11fb388ec7c92b0,2026-09-11T02:40:02Z,,https://mempool.space/tx/c6a7615f8082e1ba19df70a68210895aef893780066e34d917b90693b681c41e
W-P405,ecash,tx,c830c9e9633f22102117274a0a7f9c4f2975bc816d34cb0fa8dfdaad919dbee1,Peg-out from an unlisted federation paying 470 sats to W-A1,third-party,Fedimint peg-out (signed by the federation; the recipient chooses the address),2026-10-01T16:00:34Z,7b2d80bfab77c3de05b21277e11fb388ec7c92b0,2026-09-11T02:40:02Z,,https://mempool.space/tx/c830c9e9633f22102117274a0a7f9c4f2975bc816d34cb0fa8dfdaad919dbee1
W-P406,ecash,tx,c9af6baa835d993a9d74273b19ebefca2f4e537c91d3762f0405c0758ea8c4cb,Peg-out from an unlisted federation paying 472 sats to W-A1,third-party,Fedimint peg-out (signed by the federation; the recipient chooses the address),2026-10-01T16:00:34Z,7b2d80bfab77c3de05b21277e11fb388ec7c92b0,2026-09-11T02:40:02Z,,https://mempool.space/tx/c9af6baa835d993a9d74273b19ebefca2f4e537c91d3762f0405c0758ea8c4cb
W-P407,ecash,tx,cee276b7ad01358463ee8d730d8580932a90cdd0a561d10a023346b8eca6747e,"Peg-out from an unlisted federation paying 22,070 sats to W-A1",third-party,Fedimint peg-out (signed by the federation; the recipient chooses the address),2026-10-01T16:00:34Z,7b2d80bfab77c3de05b21277e11fb388ec7c92b0,2026-09-11T02:40:02Z,,https://mempool.space/tx/cee276b7ad01358463ee8d730d8580932a90cdd0a561d10a023346b8eca6747e
W-P408,ecash,tx,d06a1443b2473877f8fb7185684c5e6b8daa26dbf5e40a5722715bfde189689b,"Peg-out from an unlisted federation paying 22,070 sats to W-A1",third-party,Fedimint peg-out (signed by the federation; the recipient chooses the address),2026-10-01T16:00:34Z,7b2d80bfab77c3de05b21277e11fb388ec7c92b0,2026-09-11T02:40:02Z,,https://mempool.space/tx/d06a1443b2473877f8fb7185684c5e6b8daa26dbf5e40a5722715bfde189689b
W-P409,ecash,tx,d0bcc8e658684f1cf8ab299a8cc35ac9a89664cf41f5973d87f7652798a98ba2,Peg-out from an unlisted federation paying 906 sats to W-A1,third-party,Fedimint peg-out (signed by the federation; the recipient chooses the address),2026-10-01T16:00:34Z,7b2d80bfab77c3de05b21277e11fb388ec7c92b0,2026-09-11T02:40:02Z,,https://mempool.space/tx/d0bcc8e658684f1cf8ab299a8cc35ac9a89664cf41f5973d87f7652798a98ba2
W-P410,ecash,tx,d2d7720e9580ce98bd9337de6693c76042c2d9f993d1ac36bf43a4c9e757c189,"Peg-out from an unlisted federation paying 22,070 sats to W-A1",third-party,Fedimint peg-out (signed by the federation; the recipient chooses the address),2026-10-01T16:00:34Z,7b2d80bfab77c3de05b21277e11fb388ec7c92b0,2026-09-11T02:40:02Z,,https://mempool.space/tx/d2d7720e9580ce98bd9337de6693c76042c2d9f993d1ac36bf43a4c9e757c189
W-P411,ecash,tx,d41169a5c22bdc64e6c8ffa6342c77822ca455626577f2df6bae82682ea47c0f,Peg-out from an unlisted federation paying 878 sats to W-A1,third-party,Fedimint peg-out (signed by the federation; the recipient chooses the address),2026-10-01T16:00:34Z,7b2d80bfab77c3de05b21277e11fb388ec7c92b0,2026-09-11T02:40:02Z,,https://mempool.space/tx/d41169a5c22bdc64e6c8ffa6342c77822ca455626577f2df6bae82682ea47c0f
W-P412,ecash,tx,d7a4655fa6f2b33668246a6fc41a5fbe61d5c275c4b76c95771d5732f5df73b3,"Peg-out from Island Bitcoin Community paying 22,072 sats to W-A1",third-party,Fedimint peg-out (signed by the federation; the recipient chooses the address),2026-10-01T16:00:34Z,7b2d80bfab77c3de05b21277e11fb388ec7c92b0,2026-09-11T02:40:02Z,,https://mempool.space/tx/d7a4655fa6f2b33668246a6fc41a5fbe61d5c275c4b76c95771d5732f5df73b3
W-P413,ecash,tx,d7c930888298d36a65764699fa759ace8eb79f16087d92ef3de523ea28127f51,Peg-out from an unlisted federation paying 905 sats to W-A1,third-party,Fedimint peg-out (signed by the federation; the recipient chooses the address),2026-10-01T16:00:34Z,7b2d80bfab77c3de05b21277e11fb388ec7c92b0,2026-09-11T02:40:02Z,,https://mempool.space/tx/d7c930888298d36a65764699fa759ace8eb79f16087d92ef3de523ea28127f51
W-P414,ecash,tx,d975737b9da136d459fe5e4d59c110aa2b50911dfb8c22117a17a48158555000,"Peg-out from an unlisted federation paying 22,072 sats to W-A1",third-party,Fedimint peg-out (signed by the federation; the recipient chooses the address),2026-10-01T16:00:34Z,7b2d80bfab77c3de05b21277e11fb388ec7c92b0,2026-09-11T02:40:02Z,,https://mempool.space/tx/d975737b9da136d459fe5e4d59c110aa2b50911dfb8c22117a17a48158555000
W-P415,ecash,tx,dd7a322409678e87fb7d87c07cb621903995c33df622f5097f51a8e893c8f13f,Peg-out from an unlisted federation paying 906 sats to W-A1,third-party,Fedimint peg-out (signed by the federation; the recipient chooses the address),2026-10-01T16:00:34Z,7b2d80bfab77c3de05b21277e11fb388ec7c92b0,2026-09-11T02:40:02Z,,https://mempool.space/tx/dd7a322409678e87fb7d87c07cb621903995c33df622f5097f51a8e893c8f13f
W-P416,ecash,tx,df4ae41f880781a088877b8b7b20b567c0c2019ce4674e9b2a9cca55f62ea8ef,"Peg-out from an unlisted federation paying 22,072 sats to W-A1",third-party,Fedimint peg-out (signed by the federation; the recipient chooses the address),2026-10-01T16:00:34Z,7b2d80bfab77c3de05b21277e11fb388ec7c92b0,2026-09-11T02:40:02Z,,https://mempool.space/tx/df4ae41f880781a088877b8b7b20b567c0c2019ce4674e9b2a9cca55f62ea8ef
W-P417,ecash,tx,e1c070ce9cb6a800609d8b486fc44ed099855fd7271e64456b3adeb486da6e5b,"Peg-out from an unlisted federation paying 22,072 sats to W-A1",third-party,Fedimint peg-out (signed by the federation; the recipient chooses the address),2026-10-01T16:00:34Z,7b2d80bfab77c3de05b21277e11fb388ec7c92b0,2026-09-11T02:40:02Z,,https://mempool.space/tx/e1c070ce9cb6a800609d8b486fc44ed099855fd7271e64456b3adeb486da6e5b
W-P418,ecash,tx,e20db253ac416a708b793b76ccffea76cf0722bca6c95c952ac971b3ed9f26a2,Peg-out from Island Bitcoin Community paying 906 sats to W-A1,third-party,Fedimint peg-out (signed by the federation; the recipient chooses the address),2026-10-01T16:00:34Z,7b2d80bfab77c3de05b21277e11fb388ec7c92b0,2026-09-11T02:40:02Z,,https://mempool.space/tx/e20db253ac416a708b793b76ccffea76cf0722bca6c95c952ac971b3ed9f26a2
W-P419,ecash,tx,e2105869dc12f51f25ad58d2b4589d55c99bf599315425f8dc972142985c3edd,"Peg-out from an unlisted federation paying 22,072 sats to W-A1",third-party,Fedimint peg-out (signed by the federation; the recipient chooses the address),2026-10-01T16:00:34Z,7b2d80bfab77c3de05b21277e11fb388ec7c92b0,2026-09-11T02:40:02Z,,https://mempool.space/tx/e2105869dc12f51f25ad58d2b4589d55c99bf599315425f8dc972142985c3edd
W-P420,ecash,tx,e587ff90bc7ac5c15ff782a231cfc39c312ee176ebbb36d2cd7edb8291c2d05b,"Peg-out from an unlisted federation paying 22,072 sats to W-A1",third-party,Fedimint peg-out (signed by the federation; the recipient chooses the address),2026-10-01T16:00:34Z,7b2d80bfab77c3de05b21277e11fb388ec7c92b0,2026-09-11T02:40:02Z,,https://mempool.space/tx/e587ff90bc7ac5c15ff782a231cfc39c312ee176ebbb36d2cd7edb8291c2d05b
W-P421,ecash,tx,e6e1821118247519938cdbe139ad7a4f229e4e9e557a8ee2ec7c68bb51e07ccc,Peg-out from an unlisted federation paying 905 sats to W-A1,third-party,Fedimint peg-out (signed by the federation; the recipient chooses the address),2026-10-01T16:00:34Z,7b2d80bfab77c3de05b21277e11fb388ec7c92b0,2026-09-11T02:40:02Z,,https://mempool.space/tx/e6e1821118247519938cdbe139ad7a4f229e4e9e557a8ee2ec7c68bb51e07ccc
W-P422,ecash,tx,ec999ae48d8c36714d0135b33a5bfc9d6899c5cfda79f1e58323b89870180096,"Peg-out from an unlisted federation paying 22,070 sats to W-A1",third-party,Fedimint peg-out (signed by the federation; the recipient chooses the address),2026-10-01T16:00:34Z,7b2d80bfab77c3de05b21277e11fb388ec7c92b0,2026-09-11T02:40:02Z,,https://mempool.space/tx/ec999ae48d8c36714d0135b33a5bfc9d6899c5cfda79f1e58323b89870180096
W-P423,ecash,tx,f152f57e081c2355014e6890f52bd59ea35e61bddb5ab7bbfda52315bbea3f70,Peg-out from an unlisted federation paying 470 sats to W-A1,third-party,Fedimint peg-out (signed by the federation; the recipient chooses the address),2026-10-01T16:00:34Z,7b2d80bfab77c3de05b21277e11fb388ec7c92b0,2026-09-11T02:40:02Z,,https://mempool.space/tx/f152f57e081c2355014e6890f52bd59ea35e61bddb5ab7bbfda52315bbea3f70
W-P424,ecash,tx,f1bf70bb54b49d7d3e8e801dc032c234bc4d5b081bd11af1e12ded47853e3d6b,Peg-out from Bitcoin Principles paying 472 sats to W-A1,third-party,Fedimint peg-out (signed by the federation; the recipient chooses the address),2026-10-01T16:00:34Z,7b2d80bfab77c3de05b21277e11fb388ec7c92b0,2026-09-11T02:40:02Z,,https://mempool.space/tx/f1bf70bb54b49d7d3e8e801dc032c234bc4d5b081bd11af1e12ded47853e3d6b
W-P425,ecash,tx,f1f8b8b66601453ed3fb37745d65b87a089e5af7c3e3fca976b69245db68b01c,"Peg-out from an unlisted federation paying 22,070 sats to W-A1",third-party,Fedimint peg-out (signed by the federation; the recipient chooses the address),2026-10-01T16:00:34Z,7b2d80bfab77c3de05b21277e11fb388ec7c92b0,2026-09-11T02:40:02Z,,https://mempool.space/tx/f1f8b8b66601453ed3fb37745d65b87a089e5af7c3e3fca976b69245db68b01c
W-P426,ecash,tx,f5ce2aa5ae28cee0779935c59e1ff4014c56d0414760d9a2436be6d0c2da1a25,Peg-out from an unlisted federation paying 906 sats to W-A1,third-party,Fedimint peg-out (signed by the federation; the recipient chooses the address),2026-10-01T16:00:34Z,7b2d80bfab77c3de05b21277e11fb388ec7c92b0,2026-09-11T02:40:02Z,,https://mempool.space/tx/f5ce2aa5ae28cee0779935c59e1ff4014c56d0414760d9a2436be6d0c2da1a25
W-P427,ecash,tx,f639e9ad6d047981cf6778967b391ef31329b10a92ba1af06556fb7feff1af6a,"Peg-out from an unlisted federation paying 22,070 sats to W-A1",third-party,Fedimint peg-out (signed by the federation; the recipient chooses the address),2026-10-01T16:00:34Z,7b2d80bfab77c3de05b21277e11fb388ec7c92b0,2026-09-11T02:40:02Z,,https://mempool.space/tx/f639e9ad6d047981cf6778967b391ef31329b10a92ba1af06556fb7feff1af6a
W-P428,ecash,tx,f71bbad6c51e564a364a14be9475105c63b6fda3168371eca6b325d44209a232,Peg-out from an unlisted federation paying 904 sats to W-A1,third-party,Fedimint peg-out (signed by the federation; the recipient chooses the address),2026-10-01T16:00:34Z,7b2d80bfab77c3de05b21277e11fb388ec7c92b0,2026-09-11T02:40:02Z,,https://mempool.space/tx/f71bbad6c51e564a364a14be9475105c63b6fda3168371eca6b325d44209a232
W-P429,ecash,tx,fcb97685b78a855648545806c22d3e79407983502b196f11ff69e346120c1035,"Peg-out from an unlisted federation paying 22,072 sats to W-A1",third-party,Fedimint peg-out (signed by the federation; the recipient chooses the address),2026-10-01T16:00:34Z,7b2d80bfab77c3de05b21277e11fb388ec7c92b0,2026-09-11T02:40:02Z,,https://mempool.space/tx/fcb97685b78a855648545806c22d3e79407983502b196f11ff69e346120c1035
W-P430,ecash,tx,fd1c436c95ece6d2cc5c8f1522e4d7753fd5ad0783b32ad0904e642101b1233f,"Peg-out from an unlisted federation paying 22,072 sats to W-A1",third-party,Fedimint peg-out (signed by the federation; the recipient chooses the address),2026-10-01T16:00:34Z,7b2d80bfab77c3de05b21277e11fb388ec7c92b0,2026-09-11T02:40:02Z,,https://mempool.space/tx/fd1c436c95ece6d2cc5c8f1522e4d7753fd5ad0783b32ad0904e642101b1233f
W-P431,ecash,tx,fd97860379e9067002921ae8f7025bc46f91ea7dcb3532f0668851a6dacead37,Peg-out from an unlisted federation paying 906 sats to W-A1,third-party,Fedimint peg-out (signed by the federation; the recipient chooses the address),2026-10-01T16:00:34Z,7b2d80bfab77c3de05b21277e11fb388ec7c92b0,2026-09-11T02:40:02Z,,https://mempool.space/tx/fd97860379e9067002921ae8f7025bc46f91ea7dcb3532f0668851a6dacead37
W-P432,ecash,tx,febfc70135da582acdac7336eec163b1a207aa4805957e708a709677d365d1a7,Peg-out from an unlisted federation paying 472 sats to W-A1,third-party,Fedimint peg-out (signed by the federation; the recipient chooses the address),2026-10-01T16:00:34Z,7b2d80bfab77c3de05b21277e11fb388ec7c92b0,2026-09-11T02:40:02Z,,https://mempool.space/tx/febfc70135da582acdac7336eec163b1a207aa4805957e708a709677d365d1a7
W-P433,ecash,tx,ff0598757aab1fa5b54f193973b43511f8502db25c4c0ab37363bca0d8c905f5,Peg-out from an unlisted federation paying 906 sats to W-A1,third-party,Fedimint peg-out (signed by the federation; the recipient chooses the address),2026-10-01T16:00:34Z,7b2d80bfab77c3de05b21277e11fb388ec7c92b0,2026-09-11T02:40:02Z,,https://mempool.space/tx/ff0598757aab1fa5b54f193973b43511f8502db25c4c0ab37363bca0d8c905f5
W-P434,ecash,tx,ff3dd7392c439ca5945d488171290dac163b8f1590f84cebef63f07e45337912,Peg-out from an unlisted federation paying 472 sats to W-A1,third-party,Fedimint peg-out (signed by the federation; the recipient chooses the address),2026-10-01T16:00:34Z,7b2d80bfab77c3de05b21277e11fb388ec7c92b0,2026-09-11T02:40:02Z,,https://mempool.space/tx/ff3dd7392c439ca5945d488171290dac163b8f1590f84cebef63f07e45337912
W-P435,ecash,tx,ffb7c24fbde03f7b1946ac05792cfa4e3ee6231bffc954cf0360536c62f37173,"Peg-out from an unlisted federation paying 22,070 sats to W-A1",third-party,Fedimint peg-out (signed by the federation; the recipient chooses the address),2026-10-01T16:00:34Z,7b2d80bfab77c3de05b21277e11fb388ec7c92b0,2026-09-11T02:40:02Z,,https://mempool.space/tx/ffb7c24fbde03f7b1946ac05792cfa4e3ee6231bffc954cf0360536c62f37173
A-A30,ark,address,bc1q4hv529yqjgla57h066lxxw3j4eeq3qxxx2prfc,His address (funded 4–5 Oct),traced,Spent together with his change A-A32 in A-X21,2026-10-05T01:00:15Z,25d2a14517af232bbfb3255c5341d062968deb93,2026-10-04T23:51:43Z,,https://mempool.space/address/bc1q4hv529yqjgla57h066lxxw3j4eeq3qxxx2prfc
A-X20,ark,tx,7fc450ff8ea5d3b0c948b0e9332210036b9c529457470e4e35f5e17605355822,"5 Oct: 5,000,000 sats into an Ark boarding output; change kept",traced,Spends A-A33,2026-10-05T07:57:05Z,109656d32c180b77e59e9490a8aae4fa523aa3d8,2026-10-05T06:39:23Z,,https://mempool.space/tx/7fc450ff8ea5d3b0c948b0e9332210036b9c529457470e4e35f5e17605355822
A-A33,ark,address,bc1q9rzpfghax2cyjhvkk2uy7vf5h6fr864txgueky,Change of L-X12 (2 Oct),traced,"Change of his transaction L-X12, spent by him (A-X20)",2026-10-02T08:42:14Z,2a3bd87d8aef5aaf838ac11322300fa762c7e403,2026-10-02T07:38:46Z,,https://mempool.space/address/bc1q9rzpfghax2cyjhvkk2uy7vf5h6fr864txgueky
A-A32,ark,address,bc1qv548t5yrvthu68wcue274dn6jmlyhl9e75k2ha,Change of A-X20,traced,Co-spend with A-A30 in A-X21,2026-10-05T07:57:05Z,109656d32c180b77e59e9490a8aae4fa523aa3d8,2026-10-05T06:39:23Z,,https://mempool.space/address/bc1qv548t5yrvthu68wcue274dn6jmlyhl9e75k2ha
A-X21,ark,tx,243be1bc1f784946b465442f77364a64a25a9982590f54e55a6a6313fda1fa73,"5 Oct: A-A30 spent together with his change A-A32 — 25,000,000 sats into an Ark boarding output",traced,Co-spend,2026-10-05T07:57:05Z,109656d32c180b77e59e9490a8aae4fa523aa3d8,2026-10-05T07:03:30Z,,https://mempool.space/tx/243be1bc1f784946b465442f77364a64a25a9982590f54e55a6a6313fda1fa73
A-A31,ark,address,bc1qskuxdt9mdj7erpa87zfd66v5s5duczrn90vzuy,Change of A-X21,traced,"Change of A-X21, spent by him (A-X02)",2026-10-05T07:57:05Z,109656d32c180b77e59e9490a8aae4fa523aa3d8,2026-10-05T07:03:30Z,,https://mempool.space/address/bc1qskuxdt9mdj7erpa87zfd66v5s5duczrn90vzuy
L-N1,lightning,node,028634e89b57a83c03139b8c15911f31ef9c5f85091bd8b95466df19e8c195051f,"aegis-ln — his Lightning node (Tor only: 77adjoiiwhdc4bwqb3v3eroze36h53titpebpofc6dcecqc4t7nar7ad.onion:9735). On 19 Sep it received at least 146,639,697 sats of the Lightning withdrawals",proven,"Blink's payment records (destination of the Lightning withdrawals); its channels are opened from, and close back into, his wallets (L-X03, L-X10)",2026-09-21T23:53:30Z,368a1dbe8d4416d17d9be162fc9a9d9e3e6231ec,,,https://1ml.com/node/028634e89b57a83c03139b8c15911f31ef9c5f85091bd8b95466df19e8c195051f
L-N2,lightning,node,02acdf997680cb9cd6245fd4227a25627bbfc856076c481c28cebba5cfb6d6f718,green — his second Lightning node,traced,On 2 Oct it swept its whole on-chain wallet together with coins funded by his wallet (L-X14),2026-09-21T23:53:30Z,368a1dbe8d4416d17d9be162fc9a9d9e3e6231ec,,,https://1ml.com/node/02acdf997680cb9cd6245fd4227a25627bbfc856076c481c28cebba5cfb6d6f718
L-C01,lightning,channel,0d6a5b5a99a044989a651b0b4197f47d69f02544bdbd152ed75ae32b4e73c2ff:1,"Public channel aegis-ln ↔ LNBiG Hub-2, 100,000,000 sats — opened by LNBiG Hub-2 (inbound liquidity it provided — funded from LNBiG's own wallet, per on-chain analysis)",proven,Public Lightning graph: one end is aegis-ln and the peer is named by its public node alias; funding output checked on chain,2026-09-21T23:53:30Z,368a1dbe8d4416d17d9be162fc9a9d9e3e6231ec,2026-09-09T17:49:15Z,966249x780x1,https://mempool.space/tx/0d6a5b5a99a044989a651b0b4197f47d69f02544bdbd152ed75ae32b4e73c2ff#vout=1
L-C02,lightning,channel,e65337def0da72c4792eb00e1a0a54b3eeb711e93831bc4eb4c16bb479fb7876:1,"Public channel aegis-ln ↔ LNBiG Hub-2, 100,000,000 sats — opened by LNBiG Hub-2 (inbound liquidity it provided — funded from LNBiG's own wallet, per on-chain analysis) — closed 8 Oct (M-X3)",proven,Public Lightning graph: one end is aegis-ln and the peer is named by its public node alias; funding output checked on chain,2026-09-21T23:53:30Z,368a1dbe8d4416d17d9be162fc9a9d9e3e6231ec,2026-09-09T19:56:43Z,966264x2279x1,https://mempool.space/tx/e65337def0da72c4792eb00e1a0a54b3eeb711e93831bc4eb4c16bb479fb7876#vout=1
L-C03,lightning,channel,62616e127f44fc395ffe737f2161704ae77950f9013d1afc3b550c1aff6e49c3:1,"Public channel aegis-ln ↔ ACINQ, 2,880,254 sats — opened by aegis-ln with his money",proven,Public Lightning graph: one end is aegis-ln and the peer is named by its public node alias; funding output checked on chain,2026-09-21T23:53:30Z,368a1dbe8d4416d17d9be162fc9a9d9e3e6231ec,2026-09-10T03:57:26Z,966301x312x1,https://mempool.space/tx/62616e127f44fc395ffe737f2161704ae77950f9013d1afc3b550c1aff6e49c3#vout=1
L-C04,lightning,channel,4216343957c2ebf8af8bbe5e022f55d171ebabb27e1cd96c429bdab9ef06215b:1,"Public channel aegis-ln ↔ LNBiG Hub-2, 100,000,000 sats — opened by LNBiG Hub-2 (inbound liquidity it provided — funded from LNBiG's own wallet, per on-chain analysis)",proven,Public Lightning graph: one end is aegis-ln and the peer is named by its public node alias; funding output checked on chain,2026-09-21T23:53:30Z,368a1dbe8d4416d17d9be162fc9a9d9e3e6231ec,2026-09-11T04:27:54Z,966454x1425x1,https://mempool.space/tx/4216343957c2ebf8af8bbe5e022f55d171ebabb27e1cd96c429bdab9ef06215b#vout=1
L-C05,lightning,channel,4c069b865b756e86e5d79967491d37ee2777dcd7d20e0fc45746d67d0141a256:1,"Public channel aegis-ln ↔ LNBiG Hub-3, 100,000,000 sats — opened by LNBiG Hub-3 (inbound liquidity it provided — funded from LNBiG's own wallet, per on-chain analysis)",proven,Public Lightning graph: one end is aegis-ln and the peer is named by its public node alias; funding output checked on chain,2026-09-21T23:53:30Z,368a1dbe8d4416d17d9be162fc9a9d9e3e6231ec,2026-09-11T04:57:42Z,966460x714x1,https://mempool.space/tx/4c069b865b756e86e5d79967491d37ee2777dcd7d20e0fc45746d67d0141a256#vout=1
L-C06,lightning,channel,419a9e78fde4bd156db172e6ff84af9de4eb1cbefe44ebb3fdece6da10603cfd:1,"Public channel aegis-ln ↔ LNBiG Hub-1, 100,000,000 sats — opened by LNBiG Hub-1 (inbound liquidity it provided — funded from LNBiG's own wallet, per on-chain analysis) — closed 8 Oct (M-X4)",proven,Public Lightning graph: one end is aegis-ln and the peer is named by its public node alias; funding output checked on chain,2026-09-21T23:53:30Z,368a1dbe8d4416d17d9be162fc9a9d9e3e6231ec,2026-09-11T05:17:37Z,966462x1436x1,https://mempool.space/tx/419a9e78fde4bd156db172e6ff84af9de4eb1cbefe44ebb3fdece6da10603cfd#vout=1
L-C07,lightning,channel,ac8b6bb24b5057fc204b4bbf338784ed0545667dc5332f275e477e7af1f79a7b:1,"Public channel aegis-ln ↔ LNBiG Hub-3, 100,000,000 sats — opened by LNBiG Hub-3 (inbound liquidity it provided — funded from LNBiG's own wallet, per on-chain analysis)",proven,Public Lightning graph: one end is aegis-ln and the peer is named by its public node alias; funding output checked on chain,2026-09-21T23:53:30Z,368a1dbe8d4416d17d9be162fc9a9d9e3e6231ec,2026-09-11T05:17:37Z,966462x1437x1,https://mempool.space/tx/ac8b6bb24b5057fc204b4bbf338784ed0545667dc5332f275e477e7af1f79a7b#vout=1
L-C08,lightning,channel,ae140773ef1f05845aa118cd0837c6f309a8006980ee696fc393128c7c691287:1,"Public channel aegis-ln ↔ LNBiG Hub-3, 100,000,000 sats — opened by LNBiG Hub-3 (inbound liquidity it provided — funded from LNBiG's own wallet, per on-chain analysis)",proven,Public Lightning graph: one end is aegis-ln and the peer is named by its public node alias; funding output checked on chain,2026-09-21T23:53:30Z,368a1dbe8d4416d17d9be162fc9a9d9e3e6231ec,2026-09-11T05:17:37Z,966462x1438x1,https://mempool.space/tx/ae140773ef1f05845aa118cd0837c6f309a8006980ee696fc393128c7c691287#vout=1
L-C09,lightning,channel,4e6ec4bed6215890c59c919335adce245fe762549d2ea8ba180953294ebaa3b9:0,"Public channel aegis-ln ↔ LNBiG Hub-1, 100,000,000 sats — opened by LNBiG Hub-1 (inbound liquidity it provided — funded from LNBiG's own wallet, per on-chain analysis)",proven,Public Lightning graph: one end is aegis-ln and the peer is named by its public node alias; funding output checked on chain,2026-09-21T23:53:30Z,368a1dbe8d4416d17d9be162fc9a9d9e3e6231ec,2026-09-11T05:17:37Z,966462x1439x0,https://mempool.space/tx/4e6ec4bed6215890c59c919335adce245fe762549d2ea8ba180953294ebaa3b9#vout=0
L-C10,lightning,channel,88869168c065da2586e07e1d2bb467f392375f53c005b9ceefa1919f67504020:0,"Public channel aegis-ln ↔ LNBiG Hub-2, 100,000,000 sats — opened by LNBiG Hub-2 (inbound liquidity it provided — funded from LNBiG's own wallet, per on-chain analysis)",proven,Public Lightning graph: one end is aegis-ln and the peer is named by its public node alias; funding output checked on chain,2026-09-21T23:53:30Z,368a1dbe8d4416d17d9be162fc9a9d9e3e6231ec,2026-09-13T23:04:12Z,966881x2762x0,https://mempool.space/tx/88869168c065da2586e07e1d2bb467f392375f53c005b9ceefa1919f67504020#vout=0
L-C11,lightning,channel,0938730cb471a9a1eacc1840cff95a69c2094df44e007ac16bbe92104a7d8a2b:0,"Public channel aegis-ln ↔ LNBiG Hub-1, 100,000,000 sats — opened by LNBiG Hub-1 (inbound liquidity it provided — funded from LNBiG's own wallet, per on-chain analysis)",proven,Public Lightning graph: one end is aegis-ln and the peer is named by its public node alias; funding output checked on chain,2026-09-21T23:53:30Z,368a1dbe8d4416d17d9be162fc9a9d9e3e6231ec,2026-09-13T23:04:12Z,966881x2771x0,https://mempool.space/tx/0938730cb471a9a1eacc1840cff95a69c2094df44e007ac16bbe92104a7d8a2b#vout=0
L-C12,lightning,channel,c8edc0d539d6c944e30cdeb5da04fab585b641741fd3549257163e9d2c95ba08:0,"Public channel aegis-ln ↔ LNBiG Hub-3, 100,000,000 sats — opened by LNBiG Hub-3 (inbound liquidity it provided — funded from LNBiG's own wallet, per on-chain analysis)",proven,Public Lightning graph: one end is aegis-ln and the peer is named by its public node alias; funding output checked on chain,2026-09-21T23:53:30Z,368a1dbe8d4416d17d9be162fc9a9d9e3e6231ec,2026-09-13T23:04:12Z,966881x2778x0,https://mempool.space/tx/c8edc0d539d6c944e30cdeb5da04fab585b641741fd3549257163e9d2c95ba08#vout=0
L-C13,lightning,channel,9a45316b33e80ae634482b6a5f93e504ee5807a43c2b7d1a68a1826e3b820023:0,"Public channel aegis-ln ↔ LNBiG Hub-3, 100,000,000 sats — opened by LNBiG Hub-3 (inbound liquidity it provided — funded from LNBiG's own wallet, per on-chain analysis)",proven,Public Lightning graph: one end is aegis-ln and the peer is named by its public node alias; funding output checked on chain,2026-09-21T23:53:30Z,368a1dbe8d4416d17d9be162fc9a9d9e3e6231ec,2026-09-13T23:04:12Z,966881x2904x0,https://mempool.space/tx/9a45316b33e80ae634482b6a5f93e504ee5807a43c2b7d1a68a1826e3b820023#vout=0
L-C14,lightning,channel,e3dda22c106e8e05c7c1603dcfc7d1e0f21c28efeff6ac46266f9831e295efba:1,"Public channel aegis-ln ↔ LNBiG Hub-2, 100,000,000 sats — opened by LNBiG Hub-2 (inbound liquidity it provided — funded from LNBiG's own wallet, per on-chain analysis)",proven,Public Lightning graph: one end is aegis-ln and the peer is named by its public node alias; funding output checked on chain,2026-09-21T23:53:30Z,368a1dbe8d4416d17d9be162fc9a9d9e3e6231ec,2026-09-13T23:04:12Z,966881x2905x1,https://mempool.space/tx/e3dda22c106e8e05c7c1603dcfc7d1e0f21c28efeff6ac46266f9831e295efba#vout=1
L-C15,lightning,channel,cdde09cb2650c64b7632b6bcfad35ecd1f5df2aff9a1006fa65aec78ea13c8dd:0,"Public channel aegis-ln ↔ LNBiG Hub-3, 300,000 sats — opened by LNBiG Hub-3 (inbound liquidity it provided — funded from LNBiG's own wallet, per on-chain analysis) — closed 8 Oct (M-X5)",proven,Public Lightning graph: one end is aegis-ln and the peer is named by its public node alias; funding output checked on chain,2026-09-21T23:53:30Z,368a1dbe8d4416d17d9be162fc9a9d9e3e6231ec,2026-09-16T06:48:47Z,967243x4262x0,https://mempool.space/tx/cdde09cb2650c64b7632b6bcfad35ecd1f5df2aff9a1006fa65aec78ea13c8dd#vout=0
L-C16,lightning,channel,c9f23ff7da6e4c3631120b5490ba1dd77160119dfd11fb113f8a192e783db1eb:1,"Public channel aegis-ln ↔ LNBiG Hub-1, 27,926,746 sats — opened by aegis-ln with his money — closed 8 Oct (M-X6)",proven,Public Lightning graph: one end is aegis-ln and the peer is named by its public node alias; funding output checked on chain,2026-10-01T16:00:34Z,7b2d80bfab77c3de05b21277e11fb388ec7c92b0,2026-10-01T09:11:00Z,969433x383x1,https://mempool.space/tx/c9f23ff7da6e4c3631120b5490ba1dd77160119dfd11fb113f8a192e783db1eb#vout=1
L-C17,lightning,channel,c5637f64c04015bc7468ddd6a4884463c3caa65e5da384ec7e4f46a6c7b8bbca:0,Public channel aegis-ln ↔ ACINQ opened 3 Oct (opener not established) — closed 8 Oct (M-X7),proven,Public Lightning graph: one end is aegis-ln and the peer is named by its public node alias; funding output checked on chain,2026-10-05T14:45:59Z,787c69d7a424ac22cee54f65d0445de6e0f18f17,2026-10-03T02:11:13Z,969655x2043x0,https://mempool.space/tx/c5637f64c04015bc7468ddd6a4884463c3caa65e5da384ec7e4f46a6c7b8bbca#vout=0
L-C18,lightning,channel,b6302e35ec404990d1fb080b3af04d48edbe36c629b014b7f3e766fa8b5a3ac7:0,Public channel aegis-ln ↔ ACINQ opened 3 Oct (opener not established) — closed 8 Oct (M-X10),proven,Public Lightning graph: one end is aegis-ln and the peer is named by its public node alias; funding output checked on chain,2026-10-05T14:45:59Z,787c69d7a424ac22cee54f65d0445de6e0f18f17,2026-10-03T13:25:17Z,969734x2491x0,https://mempool.space/tx/b6302e35ec404990d1fb080b3af04d48edbe36c629b014b7f3e766fa8b5a3ac7#vout=0
L-C19,lightning,channel,b287e52466f8274cd6aff684651ce3c99b6b255cbdc2a46d4e673ddae300e05a:1,"Channel opened by aegis-ln on 6 Oct with 50,000,000 sats from his Ark collection address (L-X17); peer not established — closed 8 Oct (M-X8)",proven,Public Lightning graph / funding transaction checked on chain,2026-10-06T12:53:55Z,2ce195b0a0197b737ff9be59566887736d850104,2026-10-06T12:40:04Z,,https://mempool.space/tx/b287e52466f8274cd6aff684651ce3c99b6b255cbdc2a46d4e673ddae300e05a#vout=1
L-C20,lightning,channel,f7624dbc36f232d122581da53392c45a20125bd5ba106a3dcdeca7b50c18aa98:1,"Channel aegis-ln ↔ green (his two nodes), opened 18 Sep by aegis-ln, closed 28 Sep (L-X07)",proven,Public Lightning graph: one end is aegis-ln and the peer is named by its public node alias; funding output checked on chain,2026-09-21T23:53:30Z,368a1dbe8d4416d17d9be162fc9a9d9e3e6231ec,2026-09-18T02:59:53Z,967490x781x1,https://mempool.space/tx/f7624dbc36f232d122581da53392c45a20125bd5ba106a3dcdeca7b50c18aa98#vout=1
L-C21,lightning,channel,9e2b706b9e94f9a6502a47d247bf902d747275bdabf9b5587e6f7882e10b1426:0,"Channel aegis-ln ↔ Stable Channels, opened 17 Sep by aegis-ln, closed 28 Sep (L-X05)",proven,Public Lightning graph: one end is aegis-ln and the peer is named by its public node alias; funding output checked on chain,2026-09-21T23:53:30Z,368a1dbe8d4416d17d9be162fc9a9d9e3e6231ec,2026-09-17T18:47:17Z,967451x1365x0,https://mempool.space/tx/9e2b706b9e94f9a6502a47d247bf902d747275bdabf9b5587e6f7882e10b1426#vout=0
L-C22,lightning,channel,b62138dee7e9daa20fa608b2a0d99f34ebaa8e60325cf3e517c5623ca287b755:1,"Channel opened 18 Sep, the day before the attack, from aegis-ln to a node whose owner is not established; closed 29 Sep (L-X09)",proven,Public Lightning graph: one end is aegis-ln and the peer is named by its public node alias; funding output checked on chain,2026-09-21T23:53:30Z,368a1dbe8d4416d17d9be162fc9a9d9e3e6231ec,2026-09-18T20:40:46Z,,https://mempool.space/tx/b62138dee7e9daa20fa608b2a0d99f34ebaa8e60325cf3e517c5623ca287b755#vout=1
L-X01,lightning,tx,0a63ca72f1c1c1679314eaaeba0240be9960a2710869581c393d22a0f7ec7084,"9 Sep: his wallet funds L-A1, the coin that opened aegis-ln's first channel",traced,His wallet; output chain L-A1 → L-X02 → L-X03,2026-10-01T19:57:39Z,de92c97a3322a97c8028f814c9178a3c8529a9e9,2026-09-09T01:00:57Z,,https://mempool.space/tx/0a63ca72f1c1c1679314eaaeba0240be9960a2710869581c393d22a0f7ec7084
L-A1,lightning,address,bc1qa0j0s0zmlur5xyqhwd87yayx0n457x5sjqdkpv,Coin that funded aegis-ln's first channel,traced,"Output of L-X01, spent in L-X02",2026-10-01T19:57:39Z,de92c97a3322a97c8028f814c9178a3c8529a9e9,2026-09-09T01:00:57Z,,https://mempool.space/address/bc1qa0j0s0zmlur5xyqhwd87yayx0n457x5sjqdkpv
L-X02,lightning,tx,fcb90ad39de6572bfbcd5ec4222dabe33b7ffc67dc2219a3a2c7b51b36528707,10 Sep: moves L-A1 into aegis-ln's wallet,traced,Spends L-A1,2026-09-21T23:53:30Z,368a1dbe8d4416d17d9be162fc9a9d9e3e6231ec,2026-09-10T01:56:43Z,,https://mempool.space/tx/fcb90ad39de6572bfbcd5ec4222dabe33b7ffc67dc2219a3a2c7b51b36528707
L-X03,lightning,tx,62616e127f44fc395ffe737f2161704ae77950f9013d1afc3b550c1aff6e49c3,10 Sep: aegis-ln opens its first channel (with ACINQ) — funded only by him,traced,Single input from his chain L-X01 → L-X02,2026-09-21T23:53:30Z,368a1dbe8d4416d17d9be162fc9a9d9e3e6231ec,2026-09-10T03:57:26Z,,https://mempool.space/tx/62616e127f44fc395ffe737f2161704ae77950f9013d1afc3b550c1aff6e49c3
L-A2,lightning,address,bc1pwq9gn9r5lxzx2xj70z2gqpg8dy32ku4dgln3jum942ug4vqvmgfqpzlua0,Change of aegis-ln's first channel open,traced,"Change of L-X03, co-spent in E-X4",2026-09-21T23:53:30Z,368a1dbe8d4416d17d9be162fc9a9d9e3e6231ec,2026-09-10T03:57:26Z,,https://mempool.space/address/bc1pwq9gn9r5lxzx2xj70z2gqpg8dy32ku4dgln3jum942ug4vqvmgfqpzlua0
L-X04,lightning,tx,9e2b706b9e94f9a6502a47d247bf902d747275bdabf9b5587e6f7882e10b1426,17 Sep: aegis-ln opens a channel with Stable Channels,traced,aegis-ln's wallet,2026-09-21T23:53:30Z,368a1dbe8d4416d17d9be162fc9a9d9e3e6231ec,2026-09-17T18:47:17Z,,https://mempool.space/tx/9e2b706b9e94f9a6502a47d247bf902d747275bdabf9b5587e6f7882e10b1426
L-X05,lightning,tx,694e571afab5bc4a5f2a7548c261602b267cc8124f73b8158f4aa9af6e33cc1e,28 Sep: that channel is closed,third-party,Channel close (cooperative),2026-10-01T20:13:11Z,72e9637e7f6c7eb05e3cf8a94fa78b05c19909fb,2026-09-28T12:55:15Z,,https://mempool.space/tx/694e571afab5bc4a5f2a7548c261602b267cc8124f73b8158f4aa9af6e33cc1e
L-X06,lightning,tx,f7624dbc36f232d122581da53392c45a20125bd5ba106a3dcdeca7b50c18aa98,18 Sep: aegis-ln opens a channel to green — his two nodes connected,traced,"aegis-ln's wallet, funded from his wallet",2026-09-21T23:53:30Z,368a1dbe8d4416d17d9be162fc9a9d9e3e6231ec,2026-09-18T02:59:53Z,,https://mempool.space/tx/f7624dbc36f232d122581da53392c45a20125bd5ba106a3dcdeca7b50c18aa98
L-X07,lightning,tx,2b727576ff958b90c55949b12fea04e4eba0382b4688a9991670ad3781a827d6,28 Sep: the aegis-ln ↔ green channel is closed,traced,Both channel ends are his nodes,2026-10-02T09:20:24Z,5806d6521e8432e82feb85e17f1d13d20327a180,2026-09-28T13:28:54Z,,https://mempool.space/tx/2b727576ff958b90c55949b12fea04e4eba0382b4688a9991670ad3781a827d6
L-A3,lightning,address,bc1prkpwx38z37nwn3kuntja30ag39fdptxmushj7gtpsqzw3l7mn2vqql74sn,aegis-ln's side of the green channel close,traced,"Output of L-X07, spent by aegis-ln in its 1 Oct channel open (L-X11)",2026-10-02T09:20:24Z,5806d6521e8432e82feb85e17f1d13d20327a180,2026-09-28T13:28:54Z,,https://mempool.space/address/bc1prkpwx38z37nwn3kuntja30ag39fdptxmushj7gtpsqzw3l7mn2vqql74sn
L-A4,lightning,address,bc1pger0x7pccq70kydexw6frr3flwgxsyy992r0kssuaul57g254ajs26j6d5,"green's side of that close (13,020 sats)",traced,Output of L-X07 to green,2026-10-02T09:20:24Z,5806d6521e8432e82feb85e17f1d13d20327a180,2026-09-28T13:28:54Z,,https://mempool.space/address/bc1pger0x7pccq70kydexw6frr3flwgxsyy992r0kssuaul57g254ajs26j6d5
L-X08,lightning,tx,16f2d58d307482cf8bfe8464ec07dd52e217fee45642704bdc0fa98a29a4e1c7,"29 Sep: aegis-ln closes a 20,000,000-sat channel back into its wallet",traced,Output L-A5 spent by aegis-ln's wallet (L-X10),2026-10-01T16:00:34Z,7b2d80bfab77c3de05b21277e11fb388ec7c92b0,2026-09-29T21:39:09Z,,https://mempool.space/tx/16f2d58d307482cf8bfe8464ec07dd52e217fee45642704bdc0fa98a29a4e1c7
L-A5,lightning,address,bc1pusz3qujau8mtwmjhfq4h9tmce5nrth9u2qscckfxpyfd29ksftysu9x7dl,aegis-ln wallet coin from that close,traced,"Output of L-X08, spent by aegis-ln in L-X10",2026-10-01T16:00:34Z,7b2d80bfab77c3de05b21277e11fb388ec7c92b0,2026-09-29T21:39:09Z,,https://mempool.space/address/bc1pusz3qujau8mtwmjhfq4h9tmce5nrth9u2qscckfxpyfd29ksftysu9x7dl
L-X09,lightning,tx,c729badd308bca0020769e31d243a97108fdc82300904a24525394fb4e52bed9,"29 Sep: close of the 38,000,000-sat channel opened the day before the attack; 2,495,000 sats to the other side",third-party,Channel close,2026-10-01T16:00:34Z,7b2d80bfab77c3de05b21277e11fb388ec7c92b0,2026-09-29T21:39:09Z,,https://mempool.space/tx/c729badd308bca0020769e31d243a97108fdc82300904a24525394fb4e52bed9
L-X10,lightning,tx,5d152d3d39175a438b61fc81d14acbc7debddd6174468ed1031558f8a8f3bef8,"1 Oct: aegis-ln's wallet pays 40,000,000 sats to a fresh address of his",traced,Spends L-A5,2026-10-01T16:00:34Z,7b2d80bfab77c3de05b21277e11fb388ec7c92b0,2026-10-01T05:26:07Z,,https://mempool.space/tx/5d152d3d39175a438b61fc81d14acbc7debddd6174468ed1031558f8a8f3bef8
L-X11,lightning,tx,c9f23ff7da6e4c3631120b5490ba1dd77160119dfd11fb113f8a192e783db1eb,"1 Oct: aegis-ln opens a 27,926,746-sat channel with LNBiG Hub-1, using coins from the green close and from a swap service's payouts",traced,Spends L-A3 and L-A6,2026-10-01T16:00:34Z,7b2d80bfab77c3de05b21277e11fb388ec7c92b0,2026-10-01T09:11:00Z,,https://mempool.space/tx/c9f23ff7da6e4c3631120b5490ba1dd77160119dfd11fb113f8a192e783db1eb
L-A6,lightning,address,bc1pe23te6shfylyn8c4hudymqgnz4a47n8rd239gq00hr3479snag3swqf0dd,aegis-ln wallet address that received payouts from a swap service on 18 Sep,traced,Spent by aegis-ln in L-X11,2026-10-05T15:48:41Z,01c42e9f8bf277d5a581a0290cbe39837e0074c9,2026-09-18T05:13:09Z,,https://mempool.space/address/bc1pe23te6shfylyn8c4hudymqgnz4a47n8rd239gq00hr3479snag3swqf0dd
L-F1,lightning,tx,835b90a75962721c36d18cd8b29239ce6f285d3f0419a4a409d5de0975a1868c,"18 Sep: payout from a swap service's hot wallet to aegis-ln's wallet (L-A6) — the service is a counterparty, not involved",third-party,Pays L-A6,2026-10-05T15:48:41Z,01c42e9f8bf277d5a581a0290cbe39837e0074c9,2026-09-18T05:13:09Z,,https://mempool.space/tx/835b90a75962721c36d18cd8b29239ce6f285d3f0419a4a409d5de0975a1868c
L-F2,lightning,tx,091d2b58b8c5142fe422fb8fd633802001eaf35e66285d35c206667b3d740cf0,"18 Sep: payout from a swap service's hot wallet to aegis-ln's wallet (L-A6) — the service is a counterparty, not involved",third-party,Pays L-A6,2026-10-05T15:48:41Z,01c42e9f8bf277d5a581a0290cbe39837e0074c9,2026-09-18T07:41:41Z,,https://mempool.space/tx/091d2b58b8c5142fe422fb8fd633802001eaf35e66285d35c206667b3d740cf0
L-F3,lightning,tx,8f3f1f67c96a91120ea9d9f5953a7de7cd80222e7d5b651de9d83b5adef582dd,"18 Sep: payout from a swap service's hot wallet to aegis-ln's wallet (L-A6) — the service is a counterparty, not involved",third-party,Pays L-A6,2026-10-05T15:48:41Z,01c42e9f8bf277d5a581a0290cbe39837e0074c9,2026-09-18T08:09:01Z,,https://mempool.space/tx/8f3f1f67c96a91120ea9d9f5953a7de7cd80222e7d5b651de9d83b5adef582dd
L-X12,lightning,tx,61bad77863a0d1c8efd36338d48f19400f60528395d94cec0f20b3db423b3675,"2 Oct: his wallet (stolen coins C-A9 plus other coins of his) pays 30,000,000 sats to green's on-chain wallet",traced,Spends C-A9,2026-10-02T08:42:14Z,2a3bd87d8aef5aaf838ac11322300fa762c7e403,2026-10-02T07:38:46Z,,https://mempool.space/tx/61bad77863a0d1c8efd36338d48f19400f60528395d94cec0f20b3db423b3675
L-A7,lightning,address,bc1p0d7kfzsl6elc8s3dmz873grp4uan740m4k3v9gglsdah4r6zqfws4rc8t8,"green's wallet coin (30,000,000 sats from L-X12)",traced,Spent 89 seconds later by green's channel open L-X13,2026-10-02T08:42:14Z,2a3bd87d8aef5aaf838ac11322300fa762c7e403,2026-10-02T07:38:46Z,,https://mempool.space/address/bc1p0d7kfzsl6elc8s3dmz873grp4uan740m4k3v9gglsdah4r6zqfws4rc8t8
L-X13,lightning,tx,0ed69a90b79383ed281ceae1eca84b908ff569e1193c45d3c13588c04f1168fa,"2 Oct: green opens a 9,000,000-sat channel with that money",traced,Spends L-A7,2026-10-02T08:42:14Z,2a3bd87d8aef5aaf838ac11322300fa762c7e403,2026-10-02T07:40:15Z,,https://mempool.space/tx/0ed69a90b79383ed281ceae1eca84b908ff569e1193c45d3c13588c04f1168fa
L-A8,lightning,address,bc1p4kpszux7703qaqnfvu5cyzv09r8e5l55zyy7wpvvnlnrvc6qayqs2y5f4y,"Change of green's channel open (20,999,384 sats)",traced,Change of L-X13; swept by green in L-X14,2026-10-02T08:42:14Z,2a3bd87d8aef5aaf838ac11322300fa762c7e403,2026-10-02T07:40:15Z,,https://mempool.space/address/bc1p4kpszux7703qaqnfvu5cyzv09r8e5l55zyy7wpvvnlnrvc6qayqs2y5f4y
L-X14,lightning,tx,32fc0f79de0f88145a74410d523d2f463c4e4b04621472271d670a8dd1ef3835,"2 Oct: green closes every channel and sweeps its whole wallet into one address (47,982,819 sats) — proving green is his",traced,Co-spends green's coins with coins his wallet funded (L-A8),2026-10-02T17:09:46Z,644396e26ff9f3e30e8444d6341f95b94928f7b7,2026-10-02T13:53:29Z,,https://mempool.space/tx/32fc0f79de0f88145a74410d523d2f463c4e4b04621472271d670a8dd1ef3835
L-A9,lightning,address,bc1q0sh09300hxpr29nyhu0ycahgvk35e7hg274sjk,Collection address of green's sweep,traced,Output of L-X14 (green's sweep); later spent by his wallet,2026-10-02T17:09:46Z,644396e26ff9f3e30e8444d6341f95b94928f7b7,2026-10-02T13:53:29Z,,https://mempool.space/address/bc1q0sh09300hxpr29nyhu0ycahgvk35e7hg274sjk
L-X15,lightning,tx,8d6a9443772defad346c7876991d2038548b70e6f1d8f6388b6c18bb9363f974,"5 Oct: 10,000,000 sats of green's money into an Ark boarding output; change kept",traced,Spends L-A9,2026-10-05T08:22:41Z,f11e55a369ad7b64b839f43de6f120825f245b56,2026-10-05T08:38:18Z,,https://mempool.space/tx/8d6a9443772defad346c7876991d2038548b70e6f1d8f6388b6c18bb9363f974
L-A10,lightning,address,bc1q56rrxuq3vvcgddynqfjw3erwd6zfs4nlhmyqmm,Change of L-X15,traced,"Change (round-amount payment + matching script type), spent by him in A-X03",2026-10-05T08:22:41Z,f11e55a369ad7b64b839f43de6f120825f245b56,2026-10-05T08:38:18Z,,https://mempool.space/address/bc1q56rrxuq3vvcgddynqfjw3erwd6zfs4nlhmyqmm
L-X16,lightning,tx,287659108b28c35f1b5172a753d225453f5429228118fadfb7b885c4176ab193,6 Oct: aegis-ln's first channel (with ACINQ) closed cooperatively,traced,Close of L-C03 (on chain),2026-10-06T09:32:32Z,36d8dc57e6847123d64bda29a068d294ac15c8a9,2026-10-06T09:11:17Z,,https://mempool.space/tx/287659108b28c35f1b5172a753d225453f5429228118fadfb7b885c4176ab193
L-A11,lightning,address,bc1px0lvdw9ghpx0wyv0rr0m5qeda4enqjzx8m85c3mg95n49sww565q4c35t0,aegis-ln's side of that close,traced,"Spent together with his Ark collection money in aegis-ln's 50,000,000-sat channel open (L-X17)",2026-10-06T09:32:32Z,36d8dc57e6847123d64bda29a068d294ac15c8a9,2026-10-06T09:11:17Z,,https://mempool.space/address/bc1px0lvdw9ghpx0wyv0rr0m5qeda4enqjzx8m85c3mg95n49sww565q4c35t0
L-X17,lightning,tx,b287e52466f8274cd6aff684651ce3c99b6b255cbdc2a46d4e673ddae300e05a,"6 Oct: aegis-ln opens a 50,000,000-sat channel with money from his Ark collection address — links the Ark activity to aegis-ln",traced,Co-spends L-A11 and A-A20,2026-10-06T12:53:55Z,2ce195b0a0197b737ff9be59566887736d850104,2026-10-06T12:40:04Z,,https://mempool.space/tx/b287e52466f8274cd6aff684651ce3c99b6b255cbdc2a46d4e673ddae300e05a
A-A01,ark,address,bc1qreg25mw2ztscq9y6qt6k3u6xpak4gxjgr9sz0v,Change of A-X01 (stolen coins from C-A7),traced,Change (round-amount payment + matching script type),2026-10-05T08:22:41Z,f11e55a369ad7b64b839f43de6f120825f245b56,2026-10-05T08:38:18Z,,https://mempool.space/address/bc1qreg25mw2ztscq9y6qt6k3u6xpak4gxjgr9sz0v
A-X01,ark,tx,edd7935f14982147d7df17021696a56717847e1575d1fcf6d44689bb93975113,"5 Oct: 9,500,000 sats of stolen coins (C-A7) into an Ark boarding output",traced,Spends C-A7,2026-10-05T08:22:41Z,f11e55a369ad7b64b839f43de6f120825f245b56,2026-10-05T08:38:18Z,,https://mempool.space/tx/edd7935f14982147d7df17021696a56717847e1575d1fcf6d44689bb93975113
A-X02,ark,tx,96ac058985ed516f85adc473162549e47420d4f977fe8f69a53097fd2abc880c,"5 Oct: his wallet pays a round amount (5,000,000–15,000,000 sats) into an Ark boarding output; change kept",traced,Spends A-A30 + A-A31,2026-10-05T09:56:58Z,81137a2c90dd59c9dbb0f74e6ddfc4381993c44e,2026-10-05T09:42:04Z,,https://mempool.space/tx/96ac058985ed516f85adc473162549e47420d4f977fe8f69a53097fd2abc880c
A-X03,ark,tx,b96557eea13a9cdd405d4f7e1b81203d0392b53c7238b6586474cc3a2b35bdc5,"5 Oct: his wallet pays a round amount (5,000,000–15,000,000 sats) into an Ark boarding output; change kept",traced,Spends L-A10,2026-10-05T09:56:58Z,81137a2c90dd59c9dbb0f74e6ddfc4381993c44e,2026-10-05T09:42:04Z,,https://mempool.space/tx/b96557eea13a9cdd405d4f7e1b81203d0392b53c7238b6586474cc3a2b35bdc5
A-X04,ark,tx,6a57694d95f553156e19168f53e9cdfd67d5c4741e7bbf90e068889d4ed005b3,"5 Oct: his wallet pays a round amount (5,000,000–15,000,000 sats) into an Ark boarding output; change kept",traced,Spends A-A01,2026-10-05T09:56:58Z,81137a2c90dd59c9dbb0f74e6ddfc4381993c44e,2026-10-05T09:42:04Z,,https://mempool.space/tx/6a57694d95f553156e19168f53e9cdfd67d5c4741e7bbf90e068889d4ed005b3
A-X05,ark,tx,dbe11342b972800f8106fd42f8313f3c708eff62cdb731ff7c2194ae622d74a4,"5 Oct: his wallet pays a round amount (5,000,000–15,000,000 sats) into an Ark boarding output; change kept",traced,Spends A-A05,2026-10-05T09:56:58Z,81137a2c90dd59c9dbb0f74e6ddfc4381993c44e,2026-10-05T09:42:04Z,,https://mempool.space/tx/dbe11342b972800f8106fd42f8313f3c708eff62cdb731ff7c2194ae622d74a4
A-X06,ark,tx,d941be1ce24f5543531a08f02f6ba71276d69acbd26ca884e9c7af97926c3f38,"5 Oct: his wallet pays a round amount (5,000,000–15,000,000 sats) into an Ark boarding output; change kept",traced,Spends A-A04,2026-10-05T09:33:27Z,c1e96153700ebd953f9c62d86898e1f95b7b6f1b,2026-10-05T09:34:09Z,,https://mempool.space/tx/d941be1ce24f5543531a08f02f6ba71276d69acbd26ca884e9c7af97926c3f38
A-X07,ark,tx,4d6e4ec93b953fb6903e0a6925a7b2b4a6ff73ed0e16d113ca367f7a73964712,"5 Oct: his wallet pays a round amount (5,000,000–15,000,000 sats) into an Ark boarding output; change kept",traced,Spends A-A06 + A-A02,2026-10-05T09:56:58Z,81137a2c90dd59c9dbb0f74e6ddfc4381993c44e,2026-10-05T09:47:38Z,,https://mempool.space/tx/4d6e4ec93b953fb6903e0a6925a7b2b4a6ff73ed0e16d113ca367f7a73964712
A-X08,ark,tx,1ef1c11e8526b47fa3e704ab63039f178b9c97685265066aaa7170298bb3d3c5,"5 Oct: his wallet pays a round amount (5,000,000–15,000,000 sats) into an Ark boarding output; change kept",traced,Spends A-A03,2026-10-05T09:56:58Z,81137a2c90dd59c9dbb0f74e6ddfc4381993c44e,2026-10-05T09:47:38Z,,https://mempool.space/tx/1ef1c11e8526b47fa3e704ab63039f178b9c97685265066aaa7170298bb3d3c5
A-X09,ark,tx,c2e036e734f931a16a1036717f1cfcf32492105afab351ef38fad4c7d4ef3ab5,"5 Oct: his wallet pays a round amount (5,000,000–15,000,000 sats) into an Ark boarding output; change kept",traced,Spends A-A08,2026-10-05T10:28:02Z,4b48058393eb4686549db152ebeb131a276d7784,2026-10-05T10:23:19Z,,https://mempool.space/tx/c2e036e734f931a16a1036717f1cfcf32492105afab351ef38fad4c7d4ef3ab5
A-X10,ark,tx,9277cd4a7f6e55cb4cd87eeceefb5a1bbf4c61de0198608ee88ce534f5c07c20,"5 Oct: his wallet pays a round amount (5,000,000–15,000,000 sats) into an Ark boarding output; change kept",traced,Spends A-A07,2026-10-05T10:28:02Z,4b48058393eb4686549db152ebeb131a276d7784,2026-10-05T10:23:19Z,,https://mempool.space/tx/9277cd4a7f6e55cb4cd87eeceefb5a1bbf4c61de0198608ee88ce534f5c07c20
A-X11,ark,tx,44726c554c43119ceb5435d84b240a3afc04c9b540bedcc2fa5f419b124a97a0,"5 Oct: his wallet pays a round amount (5,000,000–15,000,000 sats) into an Ark boarding output; change kept",traced,Spends A-A09,2026-10-05T11:29:45Z,ac731dd157223b2a6abe81dc3e44e56ec7fcc141,2026-10-05T11:08:49Z,,https://mempool.space/tx/44726c554c43119ceb5435d84b240a3afc04c9b540bedcc2fa5f419b124a97a0
A-X12,ark,tx,b4ce4588d14a1d214540d31670ad3a21163587aef27d4bc2995645ac9dd0ecb9,"5 Oct: his wallet pays a round amount (5,000,000–15,000,000 sats) into an Ark boarding output; change kept",traced,Spends A-A10,2026-10-05T11:29:45Z,ac731dd157223b2a6abe81dc3e44e56ec7fcc141,2026-10-05T11:18:04Z,,https://mempool.space/tx/b4ce4588d14a1d214540d31670ad3a21163587aef27d4bc2995645ac9dd0ecb9
A-X13,ark,tx,cd60a0ce870ab9c083f16123ca7bac63b48a4371f4025f5b4c1b0261125d0abd,"5 Oct: his wallet pays a round amount (5,000,000–15,000,000 sats) into an Ark boarding output; change kept",traced,Spends A-A11,2026-10-05T13:27:04Z,35c06265a42b7abba18412f91390ea5342e877cd,2026-10-05T13:39:31Z,,https://mempool.space/tx/cd60a0ce870ab9c083f16123ca7bac63b48a4371f4025f5b4c1b0261125d0abd
A-A02,ark,address,bc1qsvmkpz6dp5u06l76tapcgyz69kp5s4z0w9468x,His change address during the 5 Oct Ark activity,traced,"Change of one of his transactions, spent by him",2026-10-05T09:56:58Z,81137a2c90dd59c9dbb0f74e6ddfc4381993c44e,2026-10-05T09:42:04Z,,https://mempool.space/address/bc1qsvmkpz6dp5u06l76tapcgyz69kp5s4z0w9468x
A-A03,ark,address,bc1qf5w4gfz8y3sk68xyfuwkk72hsxe96ja8axk7eg,His change address during the 5 Oct Ark activity,traced,"Change of one of his transactions, spent by him",2026-10-05T09:56:58Z,81137a2c90dd59c9dbb0f74e6ddfc4381993c44e,2026-10-05T09:42:04Z,,https://mempool.space/address/bc1qf5w4gfz8y3sk68xyfuwkk72hsxe96ja8axk7eg
A-A04,ark,address,bc1qapa6u3e76hmd9pm48q8xdxd2djs4yjl8t8eqll,His change address during the 5 Oct Ark activity,traced,"Change of one of his transactions, spent by him",2026-10-05T08:08:08Z,f595db59c8eb02a8251bde5f7b019dea95979ee4,2026-10-05T08:10:33Z,,https://mempool.space/address/bc1qapa6u3e76hmd9pm48q8xdxd2djs4yjl8t8eqll
A-A05,ark,address,bc1qde2whnjwvyl3smhw77ur0msqdgeae77ejlg62j,His change address during the 5 Oct Ark activity,traced,"Change of one of his transactions, spent by him",2026-10-05T09:33:27Z,c1e96153700ebd953f9c62d86898e1f95b7b6f1b,2026-10-05T09:34:09Z,,https://mempool.space/address/bc1qde2whnjwvyl3smhw77ur0msqdgeae77ejlg62j
A-A06,ark,address,bc1q45d89q527vf845pa3j5wme2ymf2sg69p087jxr,His change address during the 5 Oct Ark activity,traced,"Change of one of his transactions, spent by him",2026-10-05T09:56:58Z,81137a2c90dd59c9dbb0f74e6ddfc4381993c44e,2026-10-05T09:42:04Z,,https://mempool.space/address/bc1q45d89q527vf845pa3j5wme2ymf2sg69p087jxr
A-A07,ark,address,bc1qpa0q00zx5fp33cafdtnsqe3aq6yme7xml4p6rc,His change address during the 5 Oct Ark activity,traced,"Change of one of his transactions, spent by him",2026-10-05T09:56:58Z,81137a2c90dd59c9dbb0f74e6ddfc4381993c44e,2026-10-05T09:42:04Z,,https://mempool.space/address/bc1qpa0q00zx5fp33cafdtnsqe3aq6yme7xml4p6rc
A-A08,ark,address,bc1qud0vwfmes6w4axxrfmw8r3rzdxqh606pnq9cjw,His change address during the 5 Oct Ark activity,traced,"Change of one of his transactions, spent by him",2026-10-05T09:56:58Z,81137a2c90dd59c9dbb0f74e6ddfc4381993c44e,2026-10-05T09:47:38Z,,https://mempool.space/address/bc1qud0vwfmes6w4axxrfmw8r3rzdxqh606pnq9cjw
A-A09,ark,address,bc1qmu64vsw3gt46s74yuxaflsnvq3r4x7d7ldc63x,His change address during the 5 Oct Ark activity,traced,"Change of one of his transactions, spent by him",2026-10-05T10:28:02Z,4b48058393eb4686549db152ebeb131a276d7784,2026-10-05T10:23:19Z,,https://mempool.space/address/bc1qmu64vsw3gt46s74yuxaflsnvq3r4x7d7ldc63x
A-A10,ark,address,bc1q02yft3e03zs90dvv48mqe5apvl2j0ev2tj83l8,His change address during the 5 Oct Ark activity,traced,"Change of one of his transactions, spent by him",2026-10-05T10:28:02Z,4b48058393eb4686549db152ebeb131a276d7784,2026-10-05T10:23:19Z,,https://mempool.space/address/bc1q02yft3e03zs90dvv48mqe5apvl2j0ev2tj83l8
A-A11,ark,address,bc1qhshq67pv8fhgqr7xl0fjjd2xc65gwhyun5ekyz,His change address during the 5 Oct Ark activity,traced,"Change of one of his transactions, spent by him",2026-10-05T11:29:45Z,ac731dd157223b2a6abe81dc3e44e56ec7fcc141,2026-10-05T11:18:04Z,,https://mempool.space/address/bc1qhshq67pv8fhgqr7xl0fjjd2xc65gwhyun5ekyz
A-A12,ark,address,bc1q7jlpxnjxmu0ap6ucztxnps65ph9r345ul34jhu,His change address during the 5 Oct Ark activity,proven,Change of one of his transactions (round-amount payment + matching script type),2026-10-05T09:56:58Z,81137a2c90dd59c9dbb0f74e6ddfc4381993c44e,2026-10-05T09:47:38Z,,https://mempool.space/address/bc1q7jlpxnjxmu0ap6ucztxnps65ph9r345ul34jhu
A-A13,ark,address,bc1qtfafdy6rgt5pwpcjpp35ev37d53tujvh83l5x6,His change address during the 5 Oct Ark activity,traced,Change of one of his transactions (round-amount payment + matching script type),2026-10-05T11:29:45Z,ac731dd157223b2a6abe81dc3e44e56ec7fcc141,2026-10-05T11:08:49Z,,https://mempool.space/address/bc1qtfafdy6rgt5pwpcjpp35ev37d53tujvh83l5x6
A-A14,ark,address,bc1q5hku7y3gxkeqjekzr5ulupfnfdzvu3s2qrcd2l,His change address during the 5 Oct Ark activity,traced,Change of one of his transactions (round-amount payment + matching script type),2026-10-05T13:27:04Z,35c06265a42b7abba18412f91390ea5342e877cd,2026-10-05T13:39:31Z,,https://mempool.space/address/bc1q5hku7y3gxkeqjekzr5ulupfnfdzvu3s2qrcd2l
A-X14,ark,tx,26439adb282db711ac9b4f6b8fb3f5a0f4c6f00c1949f0d80f2879fc26aefc58,"5 Oct: the 25,000,000-sat boarding output of A-X21 exits to A-A04, which he spends next (A-X06)",traced,Pays A-A04,2026-10-05T08:08:08Z,f595db59c8eb02a8251bde5f7b019dea95979ee4,2026-10-05T08:10:33Z,,https://mempool.space/tx/26439adb282db711ac9b4f6b8fb3f5a0f4c6f00c1949f0d80f2879fc26aefc58
A-E01,ark,tx,500100e4af8df7e22d255a4aa7faee3d81ac0d5887f66376b429453178b88625,Exit of one of his Ark boarding outputs straight back on chain to one of his collection addresses (flat 500-sat fee),traced,Pays A-A20 or A-A21,2026-10-05T09:33:27Z,c1e96153700ebd953f9c62d86898e1f95b7b6f1b,2026-10-05T09:34:09Z,,https://mempool.space/tx/500100e4af8df7e22d255a4aa7faee3d81ac0d5887f66376b429453178b88625
A-E02,ark,tx,1ca82f284f6ff2447c1dce3d29da8a556d6b0be4ed3ad57816b9723c0fc4999a,Exit of one of his Ark boarding outputs straight back on chain to one of his collection addresses (flat 500-sat fee),traced,Pays A-A20 or A-A21,2026-10-05T09:56:58Z,81137a2c90dd59c9dbb0f74e6ddfc4381993c44e,2026-10-05T09:34:09Z,,https://mempool.space/tx/1ca82f284f6ff2447c1dce3d29da8a556d6b0be4ed3ad57816b9723c0fc4999a
A-E03,ark,tx,dc035904be019ed86af9e94c80483311aa2a83c4a956c98ed28854259de130e2,Exit of one of his Ark boarding outputs straight back on chain to one of his collection addresses (flat 500-sat fee),traced,Pays A-A20 or A-A21,2026-10-05T09:56:58Z,81137a2c90dd59c9dbb0f74e6ddfc4381993c44e,2026-10-05T09:40:51Z,,https://mempool.space/tx/dc035904be019ed86af9e94c80483311aa2a83c4a956c98ed28854259de130e2
A-E04,ark,tx,ed8d6c434e6b2848c20da4a385149f695b5b5b7ba93b2412c27dfe45ba531edb,Exit of one of his Ark boarding outputs straight back on chain to one of his collection addresses (flat 500-sat fee),traced,Pays A-A20 or A-A21,2026-10-05T09:56:58Z,81137a2c90dd59c9dbb0f74e6ddfc4381993c44e,2026-10-05T09:42:04Z,,https://mempool.space/tx/ed8d6c434e6b2848c20da4a385149f695b5b5b7ba93b2412c27dfe45ba531edb
A-E05,ark,tx,ce3d6e37eb1f823dc7a2c820025943a8814e202d458754fe246759c782c7ab3e,Exit of one of his Ark boarding outputs straight back on chain to one of his collection addresses (flat 500-sat fee),traced,Pays A-A20 or A-A21,2026-10-05T09:56:58Z,81137a2c90dd59c9dbb0f74e6ddfc4381993c44e,2026-10-05T09:47:38Z,,https://mempool.space/tx/ce3d6e37eb1f823dc7a2c820025943a8814e202d458754fe246759c782c7ab3e
A-E06,ark,tx,d19dd78b5cae15a6ac6b4e468179b38d9bb0c7f7d5d777ce81d1729f330455c0,Exit of one of his Ark boarding outputs straight back on chain to one of his collection addresses (flat 500-sat fee),traced,Pays A-A20 or A-A21,2026-10-05T09:56:58Z,81137a2c90dd59c9dbb0f74e6ddfc4381993c44e,2026-10-05T09:47:38Z,,https://mempool.space/tx/d19dd78b5cae15a6ac6b4e468179b38d9bb0c7f7d5d777ce81d1729f330455c0
A-E07,ark,tx,f1fe2951310773bc03a9d58d99c1b30d13ad80e3ea4e5555d7ea20c22f96778a,Exit of one of his Ark boarding outputs straight back on chain to one of his collection addresses (flat 500-sat fee),traced,Pays A-A20 or A-A21,2026-10-05T09:56:58Z,81137a2c90dd59c9dbb0f74e6ddfc4381993c44e,2026-10-05T09:58:47Z,,https://mempool.space/tx/f1fe2951310773bc03a9d58d99c1b30d13ad80e3ea4e5555d7ea20c22f96778a
A-E08,ark,tx,433dbd4dd8e884a85a8dcecb4f5247eb965a4077063dbd0d7cd15e98ae0494b3,Exit of one of his Ark boarding outputs straight back on chain to one of his collection addresses (flat 500-sat fee),traced,Pays A-A20 or A-A21,2026-10-05T09:56:58Z,81137a2c90dd59c9dbb0f74e6ddfc4381993c44e,2026-10-05T09:58:47Z,,https://mempool.space/tx/433dbd4dd8e884a85a8dcecb4f5247eb965a4077063dbd0d7cd15e98ae0494b3
A-E09,ark,tx,76b5223010086bb0dc39041691d2fb7ae01b5404a9c419489625b8552c71c368,Exit of one of his Ark boarding outputs straight back on chain to one of his collection addresses (flat 500-sat fee),traced,Pays A-A20 or A-A21,2026-10-05T10:28:02Z,4b48058393eb4686549db152ebeb131a276d7784,2026-10-05T10:23:19Z,,https://mempool.space/tx/76b5223010086bb0dc39041691d2fb7ae01b5404a9c419489625b8552c71c368
A-E10,ark,tx,5e5097b6cd25c6c4cff5e975b224e8e7f63d6c239acd596a1c28f24d8d032d3a,Exit of one of his Ark boarding outputs straight back on chain to one of his collection addresses (flat 500-sat fee),traced,Pays A-A20 or A-A21,2026-10-05T10:28:02Z,4b48058393eb4686549db152ebeb131a276d7784,2026-10-05T10:23:19Z,,https://mempool.space/tx/5e5097b6cd25c6c4cff5e975b224e8e7f63d6c239acd596a1c28f24d8d032d3a
A-E11,ark,tx,8ade03801a3cdf42ee223719b4a3407f208b73ae3d6806d25ddf156bc3897d0d,Exit of one of his Ark boarding outputs straight back on chain to one of his collection addresses (flat 500-sat fee),traced,Pays A-A20 or A-A21,2026-10-05T10:50:27Z,2f60239143ebd41e4754fe567e4be479308efa76,2026-10-05T10:44:41Z,,https://mempool.space/tx/8ade03801a3cdf42ee223719b4a3407f208b73ae3d6806d25ddf156bc3897d0d
A-E12,ark,tx,4e74cf5305013ee86b04cb11275dfc6e09d805178158da496e968a2ebcef8ca6,Exit of one of his Ark boarding outputs straight back on chain to one of his collection addresses (flat 500-sat fee),traced,Pays A-A20 or A-A21,2026-10-05T11:29:45Z,ac731dd157223b2a6abe81dc3e44e56ec7fcc141,2026-10-05T11:08:49Z,,https://mempool.space/tx/4e74cf5305013ee86b04cb11275dfc6e09d805178158da496e968a2ebcef8ca6
A-E13,ark,tx,d448f9ddfe871e2075debbbf06a2ecc017f790cc59b13c75b09a3b85e7ac3181,Exit of one of his Ark boarding outputs straight back on chain to one of his collection addresses (flat 500-sat fee),traced,Pays A-A20 or A-A21,2026-10-05T12:48:58Z,0cadbcb09b7f2b458cf4085c694e53be2feb01ae,2026-10-05T12:57:27Z,,https://mempool.space/tx/d448f9ddfe871e2075debbbf06a2ecc017f790cc59b13c75b09a3b85e7ac3181
A-E14,ark,tx,fd77f92abc9299ae18761908237157c48d82b7f50a4a6be7b1d2acde8a81ca90,Exit of one of his Ark boarding outputs straight back on chain to one of his collection addresses (flat 500-sat fee),traced,Pays A-A20 or A-A21,2026-10-05T14:17:19Z,7cef0ca603de7d453d1fe1b3da01b689da0b940b,2026-10-05T14:22:31Z,,https://mempool.space/tx/fd77f92abc9299ae18761908237157c48d82b7f50a4a6be7b1d2acde8a81ca90
A-E15,ark,tx,304082839a809bafacc78e17ff170c2bea1020b9fa658d51c43c9a9b716b239a,Exit of one of his Ark boarding outputs straight back on chain to one of his collection addresses (flat 500-sat fee),traced,Pays A-A20 or A-A21,2026-10-05T14:17:19Z,7cef0ca603de7d453d1fe1b3da01b689da0b940b,2026-10-05T14:22:31Z,,https://mempool.space/tx/304082839a809bafacc78e17ff170c2bea1020b9fa658d51c43c9a9b716b239a
A-E16,ark,tx,ea1422328f71e0dd1d55e9599119f0ce93fba04a90e8a702782d8976bc23a0b9,Exit of one of his Ark boarding outputs straight back on chain to one of his collection addresses (flat 500-sat fee),traced,Pays A-A20 or A-A21,2026-10-05T14:17:19Z,7cef0ca603de7d453d1fe1b3da01b689da0b940b,2026-10-05T14:22:31Z,,https://mempool.space/tx/ea1422328f71e0dd1d55e9599119f0ce93fba04a90e8a702782d8976bc23a0b9
A-E17,ark,tx,4ab8b8b55f29b84d8af4a83551f8d11aa7e37f011af63ef4afefa3b0edc65b68,Exit of one of his Ark boarding outputs straight back on chain to one of his collection addresses (flat 500-sat fee),traced,Pays A-A20 or A-A21,2026-10-06T07:08:43Z,5a5c331c6500bf3f6216d89220e5e93a6588831d,2026-10-06T07:11:51Z,,https://mempool.space/tx/4ab8b8b55f29b84d8af4a83551f8d11aa7e37f011af63ef4afefa3b0edc65b68
A-A20,ark,address,bc1ql5gp3fa3446wvhxjxlxv2rm0tapqzhl6ewm2yl,Collection address #1 (5 Oct): received the exits of his Ark boarding outputs,proven,"Receives the exits of his own boarding outputs; Second's public account: the boards were ""exited straight back"" to the attacker's own addresses",2026-10-05T09:33:27Z,c1e96153700ebd953f9c62d86898e1f95b7b6f1b,2026-10-05T09:34:09Z,,https://mempool.space/address/bc1ql5gp3fa3446wvhxjxlxv2rm0tapqzhl6ewm2yl
A-A21,ark,address,bc1qm9pn4xflszz009cajmrg625j8xprq84nx4zx8w,Collection address #2 (5–6 Oct): received the exits of his Ark boarding outputs,traced,Emptied by his wallet on 6 Oct (A-X16) into aegis-ln's new channel (L-X17),2026-10-05T10:50:27Z,2f60239143ebd41e4754fe567e4be479308efa76,2026-10-05T10:44:41Z,,https://mempool.space/address/bc1qm9pn4xflszz009cajmrg625j8xprq84nx4zx8w
A-X15,ark,tx,403b21f0b585848fe6fd5cff6644eceb65043952052f87523a7e3ac8f373eb04,"6 Oct: another 10,000,000-sat boarding output from his Lightning-wallet change (X-A02); it exits to collection address #2 (A-E17)",traced,Spends X-A02,2026-10-06T07:08:43Z,5a5c331c6500bf3f6216d89220e5e93a6588831d,2026-10-06T05:21:52Z,,https://mempool.space/tx/403b21f0b585848fe6fd5cff6644eceb65043952052f87523a7e3ac8f373eb04
A-X16,ark,tx,6cd9370aee1e1dca3c6e04a5449f6d0c3888f5329204a0891e94808891ba0bd3,"6 Oct: collection address #2 emptied — 50,000,000 sats to A-A22 (then into aegis-ln's channel), 17,970,413 sats change",traced,Spends all coins of A-A21,2026-10-06T12:30:19Z,1ccc9f1ef7e231da98539e7751638122cc5de6f5,2026-10-06T11:56:21Z,,https://mempool.space/tx/6cd9370aee1e1dca3c6e04a5449f6d0c3888f5329204a0891e94808891ba0bd3
A-A22,ark,address,bc1ps3u2qae0tzwsqpugw4jq0z0dxsaqa3t5xx9hewxgnun96nj6xp8qjwp7nw,"50,000,000 sats from collection address #2",traced,Co-spent with aegis-ln's coin L-A11 in L-X17,2026-10-06T12:30:19Z,1ccc9f1ef7e231da98539e7751638122cc5de6f5,2026-10-06T11:56:21Z,,https://mempool.space/address/bc1ps3u2qae0tzwsqpugw4jq0z0dxsaqa3t5xx9hewxgnun96nj6xp8qjwp7nw
A-A23,ark,address,bc1qz4d8dg0nxcumftfc7tf93mkykf4n6wncccrc5s,"Change of A-X16 (17,970,413 sats)",proven,Change of A-X16,2026-10-06T12:30:19Z,1ccc9f1ef7e231da98539e7751638122cc5de6f5,2026-10-06T11:56:21Z,,https://mempool.space/address/bc1qz4d8dg0nxcumftfc7tf93mkykf4n6wncccrc5s
X-X01,lnwallet,tx,3328803f431f94e27a4dfa69855ca370f64c5c22babefebee1bb88885e2b7873,"5 Oct: 35,000,000 sats taken out of a Lightning wallet channel (splice-out) into X-A01",probable,The channel's owner requested the splice-out; X-A01 is spent by his wallet,2026-10-05T14:17:19Z,7cef0ca603de7d453d1fe1b3da01b689da0b940b,2026-10-05T12:09:05Z,,https://mempool.space/tx/3328803f431f94e27a4dfa69855ca370f64c5c22babefebee1bb88885e2b7873
X-A01,lnwallet,address,bc1qzz6um4rk3sjreuqy4s3fwgcechjlcjw2y80hxr,"Received the 35,000,000-sat splice-out",traced,"Spent by his wallet (X-X02), whose change chain ends at his collection address A-A21",2026-10-05T14:17:19Z,7cef0ca603de7d453d1fe1b3da01b689da0b940b,2026-10-05T12:09:05Z,,https://mempool.space/address/bc1qzz6um4rk3sjreuqy4s3fwgcechjlcjw2y80hxr
X-X02,lnwallet,tx,f6910b40775bf15090290442b9865772cbf9c525e6ecb74802480675b32a9bf5,"5 Oct: 10,000,000 sats into a boarding output (exited to collection address #2); change kept",traced,Spends X-A01,2026-10-05T14:17:19Z,7cef0ca603de7d453d1fe1b3da01b689da0b940b,2026-10-05T13:39:31Z,,https://mempool.space/tx/f6910b40775bf15090290442b9865772cbf9c525e6ecb74802480675b32a9bf5
X-A02,lnwallet,address,bc1qjfxujurdfth57rjmhrcwta2cjd6wvhwzy3zc69,"Change of X-X02 (24,999,047 sats)",traced,"Change, spent by him on 6 Oct (A-X15)",2026-10-05T14:17:19Z,7cef0ca603de7d453d1fe1b3da01b689da0b940b,2026-10-05T13:39:31Z,,https://mempool.space/address/bc1qjfxujurdfth57rjmhrcwta2cjd6wvhwzy3zc69
X-A03,lnwallet,address,bc1qhu46tjk8q6xzqwzyt86ncpy23pkncnxz2r7qsv,"Change of A-X15 (14,998,520 sats)",proven,Change of his transaction A-X15,2026-10-06T07:08:43Z,5a5c331c6500bf3f6216d89220e5e93a6588831d,2026-10-06T05:21:52Z,,https://mempool.space/address/bc1qhu46tjk8q6xzqwzyt86ncpy23pkncnxz2r7qsv
X-X03,lnwallet,tx,bdf7777e55ad7010e870721e6f05d1bbf514224cb9cf09bbbac73e33163cb8ca,"5 Oct, 15:00 UTC: the Lightning wallet channel is force-closed",third-party,Channel close,2026-10-05T15:11:51Z,f291f951dbc2d1e7e71f4ec03426e382e756c6c8,2026-10-05T15:00:04Z,,https://mempool.space/tx/bdf7777e55ad7010e870721e6f05d1bbf514224cb9cf09bbbac73e33163cb8ca
X-X04,lnwallet,tx,26cee21db72f19a7de98ecefbf2a0fa78b4e280cb34f2f06fd2898072cb4ead0,"5 Oct: the wallet owner's side of the force-close (9,966,181 sats) swept to X-A04",probable,Sweep of the channel owner's output,2026-10-05T15:11:51Z,f291f951dbc2d1e7e71f4ec03426e382e756c6c8,2026-10-05T15:23:50Z,,https://mempool.space/tx/26cee21db72f19a7de98ecefbf2a0fa78b4e280cb34f2f06fd2898072cb4ead0
X-A04,lnwallet,address,bc1qpqcgjrp4h6tuynd4puwf3jnpdd3x35vlkuvecj,"Received the force-close sweep (9,966,181 sats)",probable,Output of X-X04,2026-10-05T15:11:51Z,f291f951dbc2d1e7e71f4ec03426e382e756c6c8,2026-10-05T15:23:50Z,,https://mempool.space/address/bc1qpqcgjrp4h6tuynd4puwf3jnpdd3x35vlkuvecj
X-X05,lnwallet,tx,62b308bf6c273d3a4aebefab9d86ed2257180a80321a1f96ce9429948eecf536,"6 Oct: test payment of 100,000 sats to a new address, rest to X-A05",probable,Spends X-A04,2026-10-06T08:29:36Z,d3f66145b50a0eeb8e0c316e640dae60010a2c52,2026-10-06T08:13:24Z,,https://mempool.space/tx/62b308bf6c273d3a4aebefab9d86ed2257180a80321a1f96ce9429948eecf536
X-A05,lnwallet,address,bc1qugtdsnutlfn9w6qs8kcmj49uzhzxd5yuwmn2dp,"Intermediate address (9,864,181 sats)",probable,"Output of X-X05, spent in X-X06",2026-10-06T08:29:36Z,d3f66145b50a0eeb8e0c316e640dae60010a2c52,2026-10-06T08:13:24Z,,https://mempool.space/address/bc1qugtdsnutlfn9w6qs8kcmj49uzhzxd5yuwmn2dp
X-X06,lnwallet,tx,27c51759f810bd7383ab373acfafda91e1c837eeb8d087ad1c458dbdaf46dad9,6 Oct: the rest sent to the same new address (owner not established),probable,Spends X-A05,2026-10-06T08:29:36Z,d3f66145b50a0eeb8e0c316e640dae60010a2c52,2026-10-06T08:13:24Z,,https://mempool.space/tx/27c51759f810bd7383ab373acfafda91e1c837eeb8d087ad1c458dbdaf46dad9
X-X07,lnwallet,tx,a6b19328a0c595c4e65b0d1116df52e77d7ee89f2e4e23571b25f98505b8e893,11 Feb 2026: the Lightning wallet channel is opened (spending an older channel from January 2024),probable,Channel splice history leading to X-X01,2026-10-05T15:19:23Z,408f179f4419a655b6f2206e548b5628e5a84734,2026-02-11T18:25:03Z,,https://mempool.space/tx/a6b19328a0c595c4e65b0d1116df52e77d7ee89f2e4e23571b25f98505b8e893
X-X08,lnwallet,tx,a79ecf9a37710413fc5672056d76bd508eacca0e9e6939d26744ea2102431ac1,11 Feb 2026: splice-in to the channel,probable,Channel splice history leading to X-X01,2026-10-05T15:19:23Z,408f179f4419a655b6f2206e548b5628e5a84734,2026-02-11T19:48:24Z,,https://mempool.space/tx/a79ecf9a37710413fc5672056d76bd508eacca0e9e6939d26744ea2102431ac1
X-X09,lnwallet,tx,eb671fc34d1bcb34c5990bebcfbea7881979db2de988b5cb7a0ff1b54a00ee5f,11 Feb 2026: splice-in to the channel,probable,Channel splice history leading to X-X01,2026-10-05T15:19:23Z,408f179f4419a655b6f2206e548b5628e5a84734,2026-02-11T19:54:34Z,,https://mempool.space/tx/eb671fc34d1bcb34c5990bebcfbea7881979db2de988b5cb7a0ff1b54a00ee5f
X-X10,lnwallet,tx,0e8eb8a04356d51619a0cb3550351c8693eae7d36cabf35a801a8e4c95d5816a,5 Oct: splice-in to the channel,probable,Channel splice history leading to X-X01,2026-10-05T14:17:19Z,7cef0ca603de7d453d1fe1b3da01b689da0b940b,2026-10-05T10:23:19Z,,https://mempool.space/tx/0e8eb8a04356d51619a0cb3550351c8693eae7d36cabf35a801a8e4c95d5816a
X-X11,lnwallet,tx,0ef481481853edcef31b6c6e9d316768d84b2ae99ffeccbf5f51b821e7341cb5,5 Oct: splice-in to the channel just before the splice-out X-X01,probable,Channel splice history leading to X-X01,2026-10-05T14:17:19Z,7cef0ca603de7d453d1fe1b3da01b689da0b940b,2026-10-05T10:44:41Z,,https://mempool.space/tx/0ef481481853edcef31b6c6e9d316768d84b2ae99ffeccbf5f51b821e7341cb5
M-X1,live,tx,37bc5d657de57199a251c09ee08d08db6efc33600fd4adac79ca6c8ddcac2519,"8 Oct, 15:07 UTC: he combined the coins at his collection address #1 and six other addresses — including the three small deposits others had sent to his first theft address (T-A1) — into four new outputs: three he most likely kept (M-A4, M-A5, M-A6) and one round 30,000,000-sat output whose destination is not yet established",proven,Spends coins at T-A1 (an address he typed in) together with his other coins — one owner,2026-10-08T15:08:31Z,bfbdec22575b268c243c908ede742c61d89e12a7,2026-10-08T15:08:49Z,,https://mempool.space/tx/37bc5d657de57199a251c09ee08d08db6efc33600fd4adac79ca6c8ddcac2519
M-A1,live,address,bc1qll5lmeqlycekdgpevy4sp9sv96udw7dyz6s55f,"His address — the 10,000-sat output of the 20 Sep consolidation (C-X1), shown until now as owner not established",proven,Co-spend: input of M-X1 together with T-A1's coins,2026-09-21T23:53:30Z,368a1dbe8d4416d17d9be162fc9a9d9e3e6231ec,2026-09-20T20:23:21Z,,https://mempool.space/address/bc1qll5lmeqlycekdgpevy4sp9sv96udw7dyz6s55f
M-A2,live,address,bc1qjsa63ylkvv3p5p0y203sv3ftkj6l33z3ka8j0p,"His address — received the 6 Oct sweep of his Lightning wallet's force-close (X-X05, X-X06), shown until now as owner not established",proven,Co-spend: input of M-X1 together with T-A1's coins,2026-10-06T08:29:36Z,d3f66145b50a0eeb8e0c316e640dae60010a2c52,2026-10-06T08:13:24Z,,https://mempool.space/address/bc1qjsa63ylkvv3p5p0y203sv3ftkj6l33z3ka8j0p
M-A3,live,address,bc1qy335cvwxmd4u9g7jl5grs2w76zh48qm2wm0909,"His address — its only coin was 3,165 sats sent by someone else on 1 Oct",proven,Co-spend: input of M-X1 together with T-A1's coins,2026-10-08T15:08:31Z,bfbdec22575b268c243c908ede742c61d89e12a7,2026-10-01T12:58:37Z,,https://mempool.space/address/bc1qy335cvwxmd4u9g7jl5grs2w76zh48qm2wm0909
M-A4,live,address,bc1qttgpk92609k2x06q5hdyjmg30rquyt2y2azxjv,"Most likely his — 95,890,762 sats kept from M-X1",probable,Output of his consolidation M-X1 other than the swap-service deposit; not yet spent,2026-10-08T15:08:31Z,bfbdec22575b268c243c908ede742c61d89e12a7,2026-10-08T15:08:49Z,,https://mempool.space/address/bc1qttgpk92609k2x06q5hdyjmg30rquyt2y2azxjv
M-A6,live,address,bc1qau875e0ywvu2rffregd9tdnajdnsgh4haan8ez,"Most likely his — 12,928,452 sats kept from M-X1",probable,Output of his consolidation M-X1 other than the swap-service deposit; not yet spent,2026-10-08T15:08:31Z,bfbdec22575b268c243c908ede742c61d89e12a7,2026-10-08T15:08:49Z,,https://mempool.space/address/bc1qau875e0ywvu2rffregd9tdnajdnsgh4haan8ez
M-A5,live,address,bc1qpuq0g3zt6qwnr6xfqs6z08gttpmxz5a5gwdmlq,"Most likely his — 30,000,000 sats kept from M-X1, spent with M-A6 in M-X2",probable,"Output of his consolidation M-X1, spent together with M-A6 (one owner)",2026-10-08T15:08:31Z,bfbdec22575b268c243c908ede742c61d89e12a7,2026-10-08T15:08:49Z,,https://mempool.space/address/bc1qpuq0g3zt6qwnr6xfqs6z08gttpmxz5a5gwdmlq
M-A7,live,address,bc1qzcht8wxa68hvfnrjn69ffg92n0h4f8054pkqrq,"Most likely his — 2,927,608 sats change of M-X2",probable,Change output of M-X2 (the non-round output),2026-10-08T16:43:17Z,675267ca6fe383f6340169193143b203bab7b38a,2026-10-08T16:49:52Z,,https://mempool.space/address/bc1qzcht8wxa68hvfnrjn69ffg92n0h4f8054pkqrq
M-X2,live,tx,a07d92e6e6898741e33761825cdd6b7d4a3c6d250926a608ba1021f812886a11,"8 Oct, 16:40 UTC: he spent M-A6 together with M-A5 (42,928,452 sats) — 40,000,000 sats to an address whose destination is not yet established, 2,927,608 sats change (M-A7)",probable,"Spends M-A5 and M-A6, two outputs of his consolidation M-X1, together — one owner",2026-10-08T16:43:17Z,675267ca6fe383f6340169193143b203bab7b38a,2026-10-08T16:49:52Z,,https://mempool.space/tx/a07d92e6e6898741e33761825cdd6b7d4a3c6d250926a608ba1021f812886a11
M-X3,live,tx,d6405a48cb77024d230ab051e6e7818ed9a1c665b7fd342f31b29b77a1cda05b,"Closes channel L-C02 (capacity 100,000,000 sats); where the outputs went is being analysed",proven,Spends the funding output of L-C02 — a channel close,2026-10-08T16:44:22Z,30dc3baac9c9ddf8ef63752b9030a1159a2eceed,,,https://mempool.space/tx/d6405a48cb77024d230ab051e6e7818ed9a1c665b7fd342f31b29b77a1cda05b
M-X4,live,tx,4ca89398862ce67648507e84ec87f56a35b80f61484455be8baeddfb68d0a9ce,"Closes channel L-C06 (capacity 100,000,000 sats); where the outputs went is being analysed",proven,Spends the funding output of L-C06 — a channel close,2026-10-08T16:40:43Z,73b1f0cdfabfaab6dbd5708759331746fdfe2a44,,,https://mempool.space/tx/4ca89398862ce67648507e84ec87f56a35b80f61484455be8baeddfb68d0a9ce
M-X5,live,tx,8420429e0cc679f83e2603a808c75d705e2fe13a736d64fbb6649bf6061851e8,"Closes channel L-C15 (capacity 300,000 sats); where the outputs went is being analysed",proven,Spends the funding output of L-C15 — a channel close,2026-10-08T16:40:43Z,73b1f0cdfabfaab6dbd5708759331746fdfe2a44,,,https://mempool.space/tx/8420429e0cc679f83e2603a808c75d705e2fe13a736d64fbb6649bf6061851e8
M-X6,live,tx,e06cb0f74efaccf77b31de7d5be52866da529ac6fb49bc05c091ebe54602dc98,"Closes channel L-C16 (capacity 27,926,746 sats); where the outputs went is being analysed",proven,Spends the funding output of L-C16 — a channel close,2026-10-08T16:44:22Z,30dc3baac9c9ddf8ef63752b9030a1159a2eceed,,,https://mempool.space/tx/e06cb0f74efaccf77b31de7d5be52866da529ac6fb49bc05c091ebe54602dc98
M-X7,live,tx,7f26fca57b3c2ebafe2897fd41011920a5f52a45c5e929e43c4113442a38189f,"Closes channel L-C17 (capacity 10,000,000 sats); where the outputs went is being analysed",proven,Spends the funding output of L-C17 — a channel close,2026-10-08T16:40:43Z,73b1f0cdfabfaab6dbd5708759331746fdfe2a44,2026-10-08T16:49:52Z,,https://mempool.space/tx/7f26fca57b3c2ebafe2897fd41011920a5f52a45c5e929e43c4113442a38189f
M-X8,live,tx,81a109d273808dd27ab41d014ec9fd06c99749b36e93f85bc7ae1a6c4d7cd698,"Closes channel L-C19 (capacity 50,000,000 sats); where the outputs went is being analysed",proven,Spends the funding output of L-C19 — a channel close,2026-10-08T16:44:22Z,30dc3baac9c9ddf8ef63752b9030a1159a2eceed,,,https://mempool.space/tx/81a109d273808dd27ab41d014ec9fd06c99749b36e93f85bc7ae1a6c4d7cd698
M-X9,live,tx,3b84fe12af7a0dcb26fccca66fa342b4b5184b08fe747dd691e9eda3173de3d4,"Movement: 95,890,762 sats left M-A4; where they went is being analysed",probable,Spends M-A4 (only the key holder can),2026-10-08T17:52:35Z,895ca565dbdfd3fc9ea4df2715d5d18c515e7316,2026-10-08T17:52:01Z,,https://mempool.space/tx/3b84fe12af7a0dcb26fccca66fa342b4b5184b08fe747dd691e9eda3173de3d4
M-X10,live,tx,5b885ef5c0686776ec0a372d3eabc512ac5b47f6258a9f7e68bf6a4c919da03a,"Closes channel L-C18 (capacity 10,000,000 sats); where the outputs went is being analysed",proven,Spends the funding output of L-C18 — a channel close,2026-10-08T17:55:30Z,eb364a0b52ebed55579da9aca52ad9ff1533acc6,,,https://mempool.space/tx/5b885ef5c0686776ec0a372d3eabc512ac5b47f6258a9f7e68bf6a4c919da03a
